-- MySQL dump 10.13  Distrib 8.0.22, for Win64 (x86_64)
--
-- Host: localhost    Database: easydictionary
-- ------------------------------------------------------
-- Server version	8.0.22

/*!40101 SET @OLD_CHARACTER_SET_CLIENT=@@CHARACTER_SET_CLIENT */;
/*!40101 SET @OLD_CHARACTER_SET_RESULTS=@@CHARACTER_SET_RESULTS */;
/*!40101 SET @OLD_COLLATION_CONNECTION=@@COLLATION_CONNECTION */;
/*!50503 SET NAMES utf8mb4 */;
/*!40103 SET @OLD_TIME_ZONE=@@TIME_ZONE */;
/*!40103 SET TIME_ZONE='+00:00' */;
/*!40014 SET @OLD_UNIQUE_CHECKS=@@UNIQUE_CHECKS, UNIQUE_CHECKS=0 */;
/*!40014 SET @OLD_FOREIGN_KEY_CHECKS=@@FOREIGN_KEY_CHECKS, FOREIGN_KEY_CHECKS=0 */;
/*!40101 SET @OLD_SQL_MODE=@@SQL_MODE, SQL_MODE='NO_AUTO_VALUE_ON_ZERO' */;
/*!40111 SET @OLD_SQL_NOTES=@@SQL_NOTES, SQL_NOTES=0 */;

--
-- Table structure for table `links`
--

DROP TABLE IF EXISTS `links`;
/*!40101 SET @saved_cs_client     = @@character_set_client */;
/*!50503 SET character_set_client = utf8mb4 */;
CREATE TABLE `links` (
  `id` int NOT NULL AUTO_INCREMENT,
  `id_ru` int NOT NULL,
  `id_en` int NOT NULL,
  PRIMARY KEY (`id`),
  KEY `id-ru` (`id_ru`),
  KEY `id-en` (`id_en`),
  CONSTRAINT `links_ibfk_1` FOREIGN KEY (`id_ru`) REFERENCES `words_ru` (`id`) ON DELETE CASCADE ON UPDATE CASCADE,
  CONSTRAINT `links_ibfk_2` FOREIGN KEY (`id_en`) REFERENCES `words_en` (`id`) ON DELETE CASCADE ON UPDATE CASCADE
) ENGINE=InnoDB AUTO_INCREMENT=959 DEFAULT CHARSET=utf8mb4 COLLATE=utf8mb4_0900_ai_ci;
/*!40101 SET character_set_client = @saved_cs_client */;

--
-- Dumping data for table `links`
--

LOCK TABLES `links` WRITE;
/*!40000 ALTER TABLE `links` DISABLE KEYS */;
INSERT INTO `links` VALUES (1,1,1),(2,2,2),(3,3,3),(4,4,4),(5,5,5),(6,6,6),(7,7,7),(8,8,8),(9,9,9),(10,10,10),(11,11,11),(12,12,12),(13,13,13),(14,14,14),(15,15,15),(16,16,16),(17,17,17),(18,18,18),(19,19,19),(20,20,20),(21,21,21),(22,22,22),(23,23,23),(24,24,24),(25,25,25),(26,26,26),(27,27,27),(28,28,28),(29,29,29),(30,30,30),(31,31,31),(32,32,32),(33,33,33),(34,34,34),(35,35,35),(36,36,36),(37,37,37),(38,38,38),(39,39,39),(40,40,40),(41,41,41),(42,42,42),(43,43,43),(44,44,44),(45,45,45),(46,46,46),(47,47,47),(48,48,48),(49,49,49),(50,50,50),(51,51,51),(52,52,52),(53,53,53),(54,54,54),(55,55,55),(56,56,56),(57,57,57),(58,58,58),(59,59,59),(60,60,60),(61,61,61),(62,62,62),(63,63,63),(64,64,64),(65,65,65),(66,66,66),(67,67,67),(68,68,68),(69,69,69),(70,70,70),(71,71,71),(72,72,72),(73,73,73),(74,74,74),(75,75,75),(76,76,76),(77,77,77),(78,78,78),(79,79,79),(80,80,80),(81,81,81),(82,82,82),(83,83,83),(84,84,84),(85,85,85),(86,86,86),(87,87,87),(88,88,88),(89,89,89),(90,90,90),(91,91,91),(92,92,92),(93,93,93),(94,94,94),(95,95,95),(96,96,96),(97,97,97),(98,98,98),(99,99,99),(100,100,100),(101,101,101),(102,102,102),(103,103,103),(104,104,104),(105,105,105),(106,106,106),(107,107,107),(108,108,108),(109,109,109),(110,110,110),(111,111,111),(112,112,112),(113,113,113),(114,114,114),(115,115,115),(116,116,116),(117,117,117),(118,118,118),(119,119,119),(120,120,120),(121,121,121),(122,122,122),(123,123,123),(124,124,124),(125,125,125),(126,126,126),(127,127,127),(128,128,128),(129,129,129),(130,130,130),(131,131,131),(132,132,132),(133,133,133),(134,134,134),(135,135,135),(136,136,136),(137,137,137),(138,138,138),(139,139,139),(140,140,140),(141,141,141),(142,142,142),(143,143,143),(144,144,144),(145,145,145),(146,146,146),(147,147,147),(148,148,148),(149,149,149),(150,150,150),(151,151,151),(152,152,152),(153,153,153),(154,154,154),(155,155,155),(156,156,156),(157,157,157),(158,158,158),(159,159,159),(160,160,160),(161,161,161),(162,162,162),(163,163,163),(164,164,164),(165,165,165),(166,166,166),(167,167,167),(168,168,168),(169,169,169),(170,170,170),(171,171,171),(172,172,172),(173,173,173),(174,174,174),(175,175,175),(176,176,176),(177,177,177),(178,178,178),(179,179,179),(180,180,180),(181,181,181),(182,182,182),(183,183,183),(184,184,184),(185,185,185),(186,186,186),(187,187,187),(188,188,188),(189,189,189),(190,190,190),(191,191,191),(192,192,192),(193,193,193),(194,194,194),(195,195,195),(196,196,196),(197,197,197),(198,198,198),(199,199,199),(200,200,200),(201,201,201),(202,202,202),(203,203,203),(204,204,204),(205,205,205),(206,206,206),(207,207,207),(208,208,208),(209,209,209),(210,210,210),(211,211,211),(212,212,212),(213,213,213),(214,214,214),(215,215,215),(216,216,216),(217,217,217),(218,218,218),(219,219,219),(220,220,220),(221,221,221),(222,222,222),(223,223,223),(224,224,224),(225,225,225),(226,226,226),(227,227,227),(228,228,228),(229,229,229),(230,230,230),(231,231,231),(232,232,232),(233,233,233),(234,234,234),(235,235,235),(236,236,236),(237,237,237),(238,238,238),(239,239,239),(240,240,240),(241,241,241),(242,242,242),(243,243,243),(244,244,244),(245,245,245),(246,246,246),(247,247,247),(248,248,248),(249,249,249),(250,250,250),(251,251,251),(252,252,252),(253,253,253),(254,254,254),(255,255,255),(256,256,256),(257,257,257),(258,258,258),(259,259,259),(260,260,260),(261,261,261),(262,262,262),(263,263,263),(264,264,264),(265,265,265),(266,266,266),(267,267,267),(268,268,268),(269,269,269),(270,270,270),(271,271,271),(272,272,272),(273,273,273),(274,274,274),(275,275,275),(276,276,276),(277,277,277),(278,278,278),(279,279,279),(280,280,280),(281,281,281),(282,282,282),(283,283,283),(284,284,284),(285,285,285),(286,286,286),(287,287,287),(288,288,288),(289,289,289),(290,290,290),(291,291,291),(292,292,292),(293,293,293),(294,294,294),(295,295,295),(296,296,296),(297,297,297),(298,298,298),(299,299,299),(300,300,300),(301,301,301),(302,302,302),(303,303,303),(304,304,304),(305,305,305),(306,306,306),(307,307,307),(308,308,308),(309,309,309),(310,310,310),(311,311,311),(312,312,312),(313,313,313),(314,314,314),(315,315,315),(316,316,316),(317,317,317),(318,318,318),(319,319,319),(320,320,320),(321,321,321),(322,322,322),(323,323,323),(324,324,324),(325,325,325),(326,326,326),(327,327,327),(328,328,328),(329,329,329),(330,330,330),(331,331,331),(332,332,332),(333,333,333),(334,334,334),(335,335,335),(336,336,336),(337,337,337),(338,338,338),(339,339,339),(340,340,340),(341,341,341),(342,342,342),(343,343,343),(344,344,344),(345,345,345),(346,346,346),(347,347,347),(348,348,348),(349,349,349),(350,350,350),(351,351,351),(352,352,352),(353,353,353),(354,354,354),(355,355,355),(356,356,356),(357,357,357),(358,358,358),(359,359,359),(360,360,360),(361,361,361),(362,362,362),(363,363,363),(364,364,364),(365,365,365),(366,366,366),(367,367,367),(368,368,368),(369,369,369),(370,370,370),(371,371,371),(372,372,372),(373,373,373),(374,374,374),(375,375,375),(376,376,376),(377,377,377),(378,378,378),(379,379,379),(380,380,380),(381,381,381),(382,382,382),(383,383,383),(384,384,384),(385,385,385),(386,386,386),(387,387,387),(388,388,388),(389,389,389),(390,390,390),(391,391,391),(392,392,392),(393,393,393),(394,394,394),(395,395,395),(396,396,396),(397,397,397),(398,398,398),(399,399,399),(400,400,400),(401,401,401),(402,402,402),(403,403,403),(404,404,404),(405,405,405),(406,406,406),(407,407,407),(408,408,408),(409,409,409),(410,410,410),(411,411,411),(412,412,412),(413,413,413),(414,414,414),(415,415,415),(416,416,416),(417,417,417),(418,418,418),(419,419,419),(420,420,420),(421,421,421),(422,422,422),(423,423,423),(424,424,424),(425,425,425),(426,426,426),(427,427,427),(428,428,428),(429,429,429),(430,430,430),(431,431,431),(432,432,432),(433,433,433),(434,434,434),(435,435,435),(436,436,436),(437,437,437),(438,438,438),(439,439,439),(440,440,440),(441,441,441),(442,442,442),(443,443,443),(444,444,444),(445,445,445),(446,446,446),(447,447,447),(448,448,448),(449,449,449),(450,450,450),(451,451,451),(452,452,452),(453,453,453),(454,454,454),(455,455,455),(456,456,456),(457,457,457),(458,458,458),(459,459,459),(460,460,460),(461,461,461),(462,462,462),(463,463,463),(464,464,464),(465,465,465),(466,466,466),(467,467,467),(468,468,468),(469,469,469),(470,470,470),(471,471,471),(472,472,472),(473,473,473),(474,474,474),(475,475,475),(476,476,476),(477,477,477),(478,478,478),(479,479,479);
/*!40000 ALTER TABLE `links` ENABLE KEYS */;
UNLOCK TABLES;

--
-- Table structure for table `words_en`
--

DROP TABLE IF EXISTS `words_en`;
/*!40101 SET @saved_cs_client     = @@character_set_client */;
/*!50503 SET character_set_client = utf8mb4 */;
CREATE TABLE `words_en` (
  `id` int NOT NULL AUTO_INCREMENT,
  `word_en` varchar(100) CHARACTER SET utf8mb4 COLLATE utf8mb4_0900_ai_ci NOT NULL,
  PRIMARY KEY (`id`)
) ENGINE=InnoDB AUTO_INCREMENT=480 DEFAULT CHARSET=utf8mb4 COLLATE=utf8mb4_0900_ai_ci;
/*!40101 SET character_set_client = @saved_cs_client */;

--
-- Dumping data for table `words_en`
--

LOCK TABLES `words_en` WRITE;
/*!40000 ALTER TABLE `words_en` DISABLE KEYS */;
INSERT INTO `words_en` VALUES (1,'Addiction'),(2,'Achivement'),(3,'Application'),(4,'Automated Cash System ( AKS )'),(5,'Automated processing of personal data'),(6,'Automated system'),(7,'Automated System Administrator'),(8,'Administrative termination'),(9,'Accereditation of certification'),(10,'Assets'),(11,'Active threat'),(12,'Anonymity'),(13,'Attack'),(14,'Audit'),(15,'Autentification'),(16,'Addition'),(17,'Access to state secrets'),(18,'Access to the information'),(19,'Access to the information constituting a trate secret'),(20,'Access to state secret information'),(21,'Aviability'),(22,'Access Manager'),(23,'Access ID'),(24,'Autentification Information'),(25,'Access Manager Concept'),(26,'Access Matri['),(27,'Autentification Exchange'),(28,'Access object'),(29,'Audit'),(30,'Addres Broadcast'),(31,'Access control'),(32,'Authority level access subject'),(33,'Accounting'),(34,'Access control'),(35,'Application Packages ( PPP )'),(36,'Access Control List'),(37,'A means of controlling the effectiveness of information security'),(38,'Authority '),(39,'Authenticity'),(40,'Authorized access to information'),(41,'Attack signature'),(42,'Access control system'),(43,'Auxiliary equipment and system ( VTSS )'),(44,'Browser ( Web browser )'),(45,'Blogging'),(46,'Blocking of personal data'),(47,'Botnet'),(48,'Bank information Security'),(49,'Bank information System'),(50,'Baseline costs'),(51,'Basis'),(52,'Basic technical means and systems'),(53,'Backup'),(54,'Backup copy'),(55,'Banner'),(56,'Binary'),(57,'BIOS / Basic input - output system'),(58,'Bit'),(59,'Blockchain'),(60,'Board'),(61,'Bold'),(62,'Brouser'),(63,'Browse'),(64,'Bubble sort'),(65,'Bug'),(66,'Bus'),(67,'Byte'),(68,'Coded form'),(69,'Constantly'),(70,'Commerce'),(71,'Complex network'),(72,'Certification'),(73,'Computer security tool'),(74,'Channel'),(75,'Categorization of protected information'),(76,'Cyber security'),(77,'Computer security class'),(78,'Complex of means of protection'),(79,'Computer attack'),(80,'Computer information'),(81,'Computer virus'),(82,'Counterparty'),(83,'Controlled area'),(84,'Control of information security organization'),(85,'Cash register ( KKM )'),(86,'Confidental information'),(87,'Confidentiality of information'),(88,'Confidentiality  '),(89,'Corporate Information System'),(90,'Cryptanalysis'),(91,'Criptographic protection'),(92,'Criptographic control value'),(93,'Criptographic transformation'),(94,'Criptography'),(95,'Carriers of information constituting a state secret'),(96,'Core protection'),(97,'Dedicated'),(98,'Doubt'),(99,'Databases'),(100,'Device'),(101,'Disk '),(102,'Data'),(103,'Demagnetize'),(104,'Decryption'),(105,'Decretionary Access Control'),(106,'Documented information'),(107,'Digital signature private key'),(108,'Data encryption'),(109,'Digital signature public key'),(110,'Data  '),(111,'Data bus'),(112,'Data center'),(113,'Data processing'),(114,'Date bank'),(115,'Date input'),(116,'Date output'),(117,'DB / database'),(118,'Delete'),(119,'Design'),(120,'Developer'),(121,'Device'),(122,'Digital camera'),(123,'Digitazing'),(124,'Digitizer pad'),(125,'Directory'),(126,'Diskette'),(127,'Domain'),(128,'DOS'),(129,'Dot - matrix printer'),(130,'DPI / dots per inch '),(131,'Dray'),(132,'Driver'),(133,'DVD/digital versatile disk'),(134,'Equiipped'),(135,'Explicit-content'),(136,'Embrace'),(137,'Employee'),(138,'Entive'),(139,'Electronic circuit'),(140,'Encrypt data'),(141,'E - signature verification key'),(142,'E - signature key'),(143,'EDS circuit parameter'),(144,'Editior'),(145,'Electronic device'),(146,'Email'),(147,'Emulator'),(148,'Erasable'),(149,'Error'),(150,'Ethernet'),(151,'ECC / error control correction'),(152,'Fee'),(153,'Flame'),(154,'FTP'),(155,'Firewall Administrator'),(156,'Finished product'),(157,'Fiscal data protection'),(158,'False'),(159,'Family'),(160,'Fax'),(161,'File'),(162,'File system'),(163,'Fix'),(164,'Flash memory'),(165,'Flatbed scanner'),(166,'Floppy disk'),(167,'Flops / floating point operator per second'),(168,'Font'),(169,'Footer'),(170,'Form factor'),(171,'Format'),(172,'FPS/frames per second'),(173,'Frame'),(174,'Graphical'),(175,'Gambling'),(176,'Graphics'),(177,'General purpose computer'),(178,'Gamma cipher'),(179,'Gamming'),(180,'Gamer'),(181,'Gate'),(182,'Generated'),(183,'Generation'),(184,'Global'),(185,'Graph'),(186,'Graphic'),(187,'GUI/grafical UI'),(188,'Guide'),(189,'Hack'),(190,'Hacker'),(191,'Half-page scanner'),(192,'Hand - held'),(193,'Hard disk/HDD'),(194,'Hardcopy'),(195,'Hardware'),(196,'HD / high density'),(197,'HDVT / high definition television'),(198,'Header'),(199,'Headphones'),(200,'Height'),(201,'Help'),(202,'Home page'),(203,'Host'),(204,'Hot key'),(205,'HQ / high quality'),(206,'Hub'),(207,'Hyperlink'),(208,'Hypertext'),(209,'Intentiens'),(210,'Interface environment'),(211,'Inputing'),(212,'If technician'),(213,'Information Security Administrator'),(214,'Information security hardware'),(215,'Information owner'),(216,'Identification'),(217,'Imitovstavka'),(218,'Imitation protecrion'),(219,'Informative signal'),(220,'Information war'),(221,'Information system'),(222,'Information Process'),(223,'Information resources'),(224,'IT blok'),(225,'Information constituting a trate secret'),(226,'Information'),(227,'Information security incident'),(228,'Information technology'),(229,'Information and telecommunication network'),(230,'Information carrier'),(231,'Information Holder'),(232,'Information object'),(233,'Information System Operator '),(234,'Information Security Authority'),(235,'I/O'),(236,'Icon'),(237,'Identification'),(238,'Identifier'),(239,'If… else…'),(240,'Image'),(241,'Image resolution'),(242,'Inch'),(243,'Indificator'),(244,'Information'),(245,'Ink'),(246,'Ink cartridge'),(247,'Ink powder'),(248,'Ink-jet printer'),(249,'Imput'),(250,'Install'),(251,'Integrated circuits'),(252,'Interactive program'),(253,'Interface'),(254,'Internet'),(255,'Interpolation'),(256,'IPS / ininterruptible popwer supply'),(257,'ISO / internstion standarts organization'),(258,'IT / information technologies'),(259,'Join'),(260,'Joystick'),(261,'JPEG / joint photographic expert group'),(262,'Key management'),(263,'Key  '),(264,'KNOW-HOW technology'),(265,'Kernel'),(266,'Keyboard'),(267,'Leak Protection'),(268,'Licensee'),(269,'Lictnsing requirements'),(270,'Label'),(271,'Lag'),(272,'LAN / localarea network'),(273,'LAN modem'),(274,'Laptop'),(275,'Laser'),(276,'Laser scanner'),(277,'LCD / liquid crystal display'),(278,'Letter'),(279,'Library'),(280,'Light pen'),(281,'Link'),(282,'Load'),(283,'Loading'),(284,'Local'),(285,'Log in'),(286,'Log out'),(287,'Loop'),(288,'Multimedia'),(289,'MS-DOS operating system'),(290,'Market value'),(291,'Magnetic tape'),(292,'Metal cores'),(293,'Magnetize'),(294,'Malicious program'),(295,'Monitor the status of information security'),(296,'Monitor thr effectiveness of information security'),(297,'Manipulator detection'),(298,'Main'),(299,'Mainframe'),(300,'Maintenance'),(301,'Management'),(302,'Manual'),(303,'Memory'),(304,'Menu'),(305,'Message'),(306,'Microphone'),(307,'MIDI / music instrument digital interface'),(308,'Modem'),(309,'Module'),(310,'Monitor'),(311,'Monochrome'),(312,'Motherboard'),(313,'Mouse'),(314,'MP / microprocessor'),(315,'Mp3 player'),(316,'Multimedia'),(317,'Networking'),(318,'Network subscriber'),(319,'Network graphocs analysis'),(320,'Neck of secrecy'),(321,'Notarization'),(322,'Name'),(323,'Network'),(324,'Network address'),(325,'Network card'),(326,'Network protocol'),(327,'Nickname'),(328,'Node'),(329,'Noice'),(330,'Old-fashioned'),(331,'Outsourcing'),(332,'Outstaffing'),(333,'Object of protection'),(334,'Operational-search activity'),(335,'Operator'),(336,'Organizational control of the effectiveness of information security'),(337,'Organization of information security'),(338,'OK'),(339,'Online'),(340,'Open'),(341,'Open software'),(342,'Optical drive'),(343,'Optical scanner'),(344,'Option'),(345,'OR'),(346,'OS / operation system'),(347,'Output'),(348,'Overload'),(349,'Programming language'),(350,'PC market'),(351,'Punched card'),(352,'Progressing of information'),(353,'Programmer'),(354,'Project administrator'),(355,'Protection'),(356,'Protection of information'),(357,'Protection of information from intelligence'),(358,'Protection of information from foregin intelligence'),(359,'Protection of information from foregin technical intelligence'),(360,'Protection of information from unauthorized exposure'),(361,'Protection of information from unauthorized access'),(362,'Protection og information from unauthorized exposure'),(363,'Protection og information from disclosure'),(364,'Protection against unauthorized access'),(365,'Protection information'),(366,'Pin'),(367,'Pixel'),(368,'Payer'),(369,'Protected premises'),(370,'Public information system'),(371,'Personal information system'),(372,'Public information networks'),(373,'Personal information  '),(374,'Personal data processing'),(375,'Passive theart'),(376,'Password'),(377,'Paint text'),(378,'Quality audit'),(379,'Qualification test'),(380,'Qualification requirement'),(381,'Qualified certificate of electronic signature key'),(382,'Query criteria'),(383,'Query '),(384,'Quick sort'),(385,'Relable'),(386,'Risk analysis'),(387,'Risk database'),(388,'Remote control of firewall'),(389,'Radiator'),(390,'RAM'),(391,'Random access'),(392,'Random number'),(393,'Range'),(394,'Raw data'),(395,'Read'),(396,'Redo'),(397,'Refresh'),(398,'Register'),(399,'Render'),(400,'Replace'),(401,'Restart'),(402,'Return'),(403,'ROM'),(404,'Router'),(405,'Share holder'),(406,'Social networking service'),(407,'Sosial networking site'),(408,'Social media'),(409,'Social relationship'),(410,'Server'),(411,'Service'),(412,'Surfthe int'),(413,'Supporter'),(414,'Spreadsheets'),(415,'Software  '),(416,'Special purpose computer'),(417,'Storing'),(418,'Subscription point'),(419,'Security Analysis'),(420,'Security Analysis'),(421,'Security information'),(422,'Signature Key Certificate Owner'),(423,'State secret'),(424,'Security incident response team'),(425,'Security trace data'),(426,'Software Protection'),(427,'SPZIdentification'),(428,'Selective field protection'),(429,'Slander'),(430,'Signature Key Certificate Owner'),(431,'Supervision'),(432,'Standarts for the effectiveness of information security'),(433,'Telnet'),(434,'To release'),(435,'To extend'),(436,'To appear'),(437,'To carry out'),(438,'To top'),(439,'To supputy'),(440,'To involve'),(441,'To fount'),(442,'To proride the information'),(443,'Terminal'),(444,'To output'),(445,'To imput'),(446,'To store'),(447,'To count'),(448,'Traffic analysis'),(449,'The ower of the certificare verification key'),(450,'Trade secret'),(451,'The owner of information conatituting a trade secret'),(452,'Transfer of information constituind a commercial secret'),(453,'Undeclared features'),(454,'Undeclared information'),(455,'Undeliversble product'),(456,'Unauthorized access'),(457,'Unauthorized access to software'),(458,'Unauthorized access'),(459,'Virtually'),(460,'Vaccination'),(461,'Verification'),(462,'Vital interests'),(463,'Verification key'),(464,'Violator of rules access control'),(465,'Word processing'),(466,'Wealth'),(467,'Web server'),(468,'Webcamera'),(469,'WWW'),(470,'Waiting list'),(471,'WAN'),(472,'Way'),(473,'Web page '),(474,'XOR'),(475,'YAHOO!'),(476,'Y2K ( YEAR 2000 )'),(477,'Zero'),(478,'Zoom'),(479,'Zoming');
/*!40000 ALTER TABLE `words_en` ENABLE KEYS */;
UNLOCK TABLES;

--
-- Table structure for table `words_ru`
--

DROP TABLE IF EXISTS `words_ru`;
/*!40101 SET @saved_cs_client     = @@character_set_client */;
/*!50503 SET character_set_client = utf8mb4 */;
CREATE TABLE `words_ru` (
  `id` int NOT NULL AUTO_INCREMENT,
  `word_ru` varchar(100) CHARACTER SET utf8mb4 COLLATE utf8mb4_0900_ai_ci NOT NULL,
  PRIMARY KEY (`id`)
) ENGINE=InnoDB AUTO_INCREMENT=480 DEFAULT CHARSET=utf8mb4 COLLATE=utf8mb4_0900_ai_ci;
/*!40101 SET character_set_client = @saved_cs_client */;

--
-- Dumping data for table `words_ru`
--

LOCK TABLES `words_ru` WRITE;
/*!40000 ALTER TABLE `words_ru` DISABLE KEYS */;
INSERT INTO `words_ru` VALUES (1,'Зависимость'),(2,'Достижение'),(3,'Приложение'),(4,'Автоматизированная кассовая система ( АКС )'),(5,'Автоматизированная обработка персональных данных'),(6,'Автоматизированная система'),(7,'Администратор автоматизированной системы'),(8,'Административное завершение'),(9,'Аккредитация удостоверяющего центра'),(10,'Актив'),(11,'Активная угроза'),(12,'Анонимность'),(13,'Атака'),(14,'Аудит'),(15,'Аутентификация'),(16,'Дополнение'),(17,'Допуск к государственной тайне'),(18,'Допуск к информации'),(19,'Допуск к информации, составляющей коммерческую тайну'),(20,'Допуск к сведениям, составляющим государственную тайну'),(21,'Доступность'),(22,'Диспетчер доступа'),(23,'Идентификатор доступа'),(24,'Информация аутентификации'),(25,'Концепция диспетчера доступа'),(26,'Матрица доступа'),(27,'Обмен аутентификацией'),(28,'Объект доступа'),(29,'Ревизия'),(30,'Трансляция адреса'),(31,'Управление доступом'),(32,'Уровень полномочий субъекта доступа'),(33,'Учетность'),(34,'Контроль доступа'),(35,'Пакеты прикладных программ(ППП)'),(36,'Список управления доступом'),(37,'Средство контроля эффектности защиты информации'),(38,'Полномочие'),(39,'Подлинность'),(40,'Санкционированный доступ к информации'),(41,'Сигнатура атаки'),(42,'Система разграничение доступа'),(43,'Вспомогательные технические средства и системы (ВТСС)'),(44,'Веб-браузер'),(45,'Блоги'),(46,'Блокирование персональных данных'),(47,'Ботнет'),(48,'Информационная безопасность Банка'),(49,'Информационная система Банка'),(50,'Базисные затраты'),(51,'Базис '),(52,'Основные технические средства и системы'),(53,'Резервная копия / резервирование'),(54,'Резервная копия '),(55,'Заголовок'),(56,'Бинарный / двоичный'),(57,'Базовая система ввода - вывода'),(58,'Бит'),(59,'Блокчейн'),(60,'Плата / панель'),(61,'Жирный(шрифт)'),(62,'Браузер'),(63,'Просматривать'),(64,'Метод сортировки \"пузырьком\"'),(65,'Ошибка'),(66,'Шина'),(67,'Байт'),(68,'Кодированный вид'),(69,'Постоянно'),(70,'Коммерческий'),(71,'Комплексная сеть'),(72,'Аттестация'),(73,'Защищенное средство вычислительной техники'),(74,'Канал'),(75,'Категорирование защищаемой информации'),(76,'Кибербезопасность'),(77,'Класс защищенности средств вычислительной техники'),(78,'Комплекс средств защиты '),(79,'Компьютерная атака'),(80,'Компьютерная информация'),(81,'Компьютерный вирус'),(82,'Контрагент'),(83,'Контролируемая зона'),(84,'Контроль организации защиты информации'),(85,'Контрольно - кассовая информация(ККМ)'),(86,'Конфиденциальная информация'),(87,'Конфиденциальность информации'),(88,'Конфиденциальность  '),(89,'Корпоративаня информационная система'),(90,'Криптоанализ'),(91,'Криптографическая защита'),(92,'Криптографическое контрольное значение криптографическое преобразование'),(93,'Криптография'),(94,'Носители сведений, составляющих государственную тайну'),(95,'Основная защита'),(96,'Защита ядра'),(97,'Посвященный'),(98,'Сомнение'),(99,'БД'),(100,'Устройство'),(101,'Диск'),(102,'Данные'),(103,'Размагничивать'),(104,'Дешифрование'),(105,'Дискреционное управление доступом'),(106,'Документированная информация'),(107,'Закрытый ключ электронной цифровой подписи'),(108,'Зашифровывание данных'),(109,'Открытый ключ электронной цифровой подписи'),(110,'Данные'),(111,'Шина данных'),(112,'Центр обработки данных'),(113,'Обработка данных'),(114,'Банк данных'),(115,'Ввод данных'),(116,'Вывод данных'),(117,'База данных'),(118,'Удалить'),(119,'Конструирование'),(120,'Разработчик'),(121,'Устройство'),(122,'Цифровая камера'),(123,'Оцифровка'),(124,'Графический планшет'),(125,'Директория / папка'),(126,'Дискета'),(127,'Домен'),(128,'Дисковая ОС'),(129,'Матричный принтер'),(130,'Рточек на дюйм'),(131,'Удержание '),(132,'Драйвер'),(133,'Цифровой универсальный диск'),(134,'Оснащенный'),(135,'Откр.контент'),(136,'Охватывать'),(137,'Служащий'),(138,'Целый/весь'),(139,'Электронная схема'),(140,'Зашифровнание данных'),(141,'Ключ проверки электронной подписи'),(142,'Ключ электронной подписи'),(143,'Параметр схемы ЭЦП'),(144,'Редактор'),(145,'Электронное устройство'),(146,'Электронная почта'),(147,'Эмулятор'),(148,'Стираемый'),(149,'Ошибка'),(150,'Интернет'),(151,'Система коррекции ошибок'),(152,'Плата '),(153,'Грубое эл.письмо'),(154,'Протокол передачи данных'),(155,'Администратор межсетевого экрана'),(156,'Готовый продукт'),(157,'Защита фиксальных данных'),(158,'ЛОЖЬ'),(159,'Семья'),(160,'Факс'),(161,'Файл'),(162,'Файловая система'),(163,'Исправление ошибок'),(164,'Флэш - память'),(165,'Планшетный сканер'),(166,'Дискета'),(167,'Операций с плавающей точкой в секунду'),(168,'Шрифт'),(169,'Подвал'),(170,'Форм - фактор'),(171,'Формат'),(172,'Кадров в секунду'),(173,'Кадр '),(174,'Графический'),(175,'Азартная игра'),(176,'Графический'),(177,'Компьютер общего назначения'),(178,'Гамма шрифта'),(179,'Гаммирование'),(180,'Геймер'),(181,'Шлюз'),(182,'Генерировать'),(183,'Поколение'),(184,'Глобальный/общий'),(185,'Граф '),(186,'Графический  '),(187,'Графический польз.интерфейс'),(188,'Гайд / руководство'),(189,'Взлом'),(190,'Хакер'),(191,'Полстраничный сканер'),(192,'Ручной'),(193,'Жесткий диск'),(194,'Бумажный вид'),(195,'Компоненты ПК'),(196,'Высокая плотность / четкость'),(197,'Телевидение высокой четкости'),(198,'Верхняя часть / шапка'),(199,'Наушники'),(200,'Высота'),(201,'Подсказка/ справочная документация'),(202,'Домашняя страница'),(203,'Хост / узел / сервер'),(204,'Горячие клавиши'),(205,'Высокое качество'),(206,'Хаб / концентратор'),(207,'Гиперссылка'),(208,'Гипертекст'),(209,'Изобретения'),(210,'Интерфейсное окружение/оболочка'),(211,'Введение '),(212,'Техник по ИС'),(213,'Администраторзащиты информации'),(214,'Аппаратные средства защиты информации'),(215,'Владелец информации'),(216,'Идентификация'),(217,'Имитовставка'),(218,'Имитозащита'),(219,'Информативный сигнал'),(220,'Информативная война'),(221,'Информационная система Банка'),(222,'Информационные процессы'),(223,'Информационные ресурсы'),(224,'ИТ - блок'),(225,'Информация, составляющая коммерческую тайну'),(226,'Информация'),(227,'Инцидент информационной безопасности'),(228,'Информационные технологии'),(229,'Информационно-телекоммуникационная сеть'),(230,'Носитель информации'),(231,'Обладатель информации'),(232,'Объект информации'),(233,'Оператор информационной системы'),(234,'Орган защиты информации'),(235,'Вход/выход'),(236,'Значок/иконка'),(237,'Уникальный идентификатор'),(238,'Идентификатор '),(239,'Оператор ветвления'),(240,'Изображение'),(241,'Разрешение изображения'),(242,'Дюйм'),(243,'Индикатор'),(244,'Информация'),(245,'Чернила'),(246,'Картридж с чернилами'),(247,'Тонер'),(248,'Струйный принтер'),(249,'Вход '),(250,'Установить ( программу )'),(251,'Интегральные схемы / платы'),(252,'Диалоговая / интерактивная программа'),(253,'Интерфейс'),(254,'Интернет'),(255,'Интерполяция'),(256,'Источник бесперебойного питания'),(257,'Междунар.организация по стандартизации'),(258,'Информационные технологии'),(259,'Подключиться'),(260,'Джойстик'),(261,'Метод сжатия неподвижных изображений'),(262,'Административное управление ключом'),(263,'Ключ'),(264,'НОУ-ХАУ технология'),(265,'Ядро ОС'),(266,'Клавиатура'),(267,'Защита информации от утечки'),(268,'Лицензиат'),(269,'Лтцензионные требования'),(270,'Метка'),(271,'Задержка'),(272,'Локальная сеть / локальная вычислительная сеть'),(273,'Сетевой модем'),(274,'Ноутбук'),(275,'Лазер'),(276,'Лазерный сканер'),(277,'Жидкокристаллический дисплей'),(278,'Буква/символ'),(279,'Библиотека'),(280,'Световое перо'),(281,'Связь/ ссылка'),(282,'Загрузить'),(283,'Загрузка'),(284,'Локальный/ местный'),(285,'Вход в аккаунт'),(286,'Выход из аккаунта'),(287,'Петля'),(288,'Мультимедиа'),(289,'Операционная система МС-ДОС'),(290,'Рыночная цена'),(291,'Магнитная лента'),(292,'Металлические сердечники'),(293,'Гипнотизировать'),(294,'Вредоносная программа'),(295,'Контроль состояния защиты информации'),(296,'Контроль эффективност изащиты информации'),(297,'Обнаружение манипуляции'),(298,'Главный'),(299,'Мэйнфрейм'),(300,'Обслуживание'),(301,'Управление '),(302,'Инструкция'),(303,'Память'),(304,'Меню'),(305,'Сообщение'),(306,'Микрофон'),(307,'Стандарт на язык и аппаратуру'),(308,'Модем'),(309,'Модуль'),(310,'Монитор'),(311,'Одноцветный'),(312,'Материнская плата'),(313,'Мышь'),(314,'МП/микропроцессор'),(315,'Мп3 плеер'),(316,'Мультимедиа'),(317,'Организация/создание сетей'),(318,'Абонент сети'),(319,'Анализ сетевой графики'),(320,'Гриф секретности'),(321,'Нотаризация'),(322,'Имя'),(323,'Сеть'),(324,'Сетевой адрес'),(325,'Сетевая карта'),(326,'Сетевой протокол'),(327,'Ник'),(328,'Узел'),(329,'Шум'),(330,'Старомодный'),(331,'Аутсорсинг'),(332,'Аутстаффинг'),(333,'Объект защиты'),(334,'Оперативно-розыскная деятельность'),(335,'Оператор'),(336,'Организационный контроль эффективной защиты информации'),(337,'Организация защиты информации'),(338,'Согласие'),(339,'В сети/ сетевой режим'),(340,'Открытый ключ электронной цифровой подписи'),(341,'Свободное ПО'),(342,'Оптический привод'),(343,'Оптический сканер'),(344,'Опция/настройка'),(345,'Логическое ИЛИ'),(346,'ОС/операционная система'),(347,'Выход  '),(348,'Перегрузка'),(349,'Язык программирования'),(350,'Рынок ПК'),(351,'Псевдокарта'),(352,'Продвижение информации'),(353,'Программист'),(354,'Администратор проекта'),(355,'Защита'),(356,'Защита информации  '),(357,'Защита информации от агентурной разведки'),(358,'Защита информации от иностранной разведки'),(359,'Защита информации от иностранной технической разведки'),(360,'Защита информации от несанкционированного воздействия'),(361,'Защита информации от несанкционированного доступа'),(362,'Защита информации от непреднамеренного воздействия'),(363,'Защита информации от разглашения'),(364,'Защита от несанкционированного доступа'),(365,'Защищаемая информация'),(366,'Штиф/ игла'),(367,'Пиксель'),(368,'Проигрыватель/ игрок'),(369,'Защищаемые помещения'),(370,'Информационная система общего пользования'),(371,'Информационная система персональных данных '),(372,'Информационные сети общего пользования'),(373,'Обезличивание персональных данных'),(374,'Обработка персональных данных'),(375,'Пассивная угроза'),(376,'Пароль'),(377,'Открытый текст'),(378,'Аудит качества '),(379,'Квалификационное испытание'),(380,'Квалификационное требование'),(381,'Квалифицированный сертификат ключа проверки электронной подписи'),(382,'Критерии запроса'),(383,'Запрос'),(384,'Метод быстрой сортировки'),(385,'Надежный'),(386,'Анализ риска'),(387,'База данных рисков'),(388,'Дистанционное управление компонентами межсетевого экрана'),(389,'Радиатор'),(390,'ОЗУ'),(391,'Произвольная выборка'),(392,'Случайное число'),(393,'Диапазон'),(394,'Исходные / необработанные данные'),(395,'Считывать'),(396,'Повтор'),(397,'Обновить / перезагрузить'),(398,'Регистрировать'),(399,'Рендер / финальная обработка'),(400,'Заменить'),(401,'Перезагрузка'),(402,'Вернуть'),(403,'ПЗУ'),(404,'Роутер'),(405,'Акционер / пайщик'),(406,'Социальная сеть обслуживания'),(407,'Сайт социальной сети'),(408,'Социальные медиа'),(409,'Социальные отношения'),(410,'Сервер'),(411,'Услуга'),(412,'Сидеть в интернете/серфить интернет'),(413,'Поддержка / сторонник'),(414,'Программа табличных вычислений'),(415,'ПО / программы'),(416,'Компьютер специального назначения'),(417,'Хранения'),(418,'Абонентский пункт'),(419,'Анализ процедур защиты'),(420,'Безопасность'),(421,'Безопасность информации'),(422,'Владелец сертификации ключа подписи'),(423,'Государственная тайна'),(424,'Группа реагирования на инциденты безопасности'),(425,'Данные трессировки защиты'),(426,'Защита программных средств'),(427,'Идентификация СЗЗ'),(428,'Избирательная защита поля'),(429,'Клевета'),(430,'Ключ подписи'),(431,'Надзор'),(432,'Нормы эффективности защиты информации'),(433,'Теледоступ'),(434,'Выпускать'),(435,'Расширяется/увеличивается'),(436,'Появляться'),(437,'Выполнять'),(438,'Превышать'),(439,'Поставлять/снабжать'),(440,'Касаться/затрагивать'),(441,'Основать'),(442,'Представлять информацию'),(443,'Терминал'),(444,'Выводить'),(445,'Для ввода'),(446,'Хранить'),(447,'Считать'),(448,'Анализ трафика'),(449,'Владелец сертификата ключа проверки электронной подписи'),(450,'Коммерческая тайна'),(451,'Обладатель информации, составляющей коммерческую тайну'),(452,'Передача информации, составляющих коммерческую тайну'),(453,'Недекларированные возможности'),(454,'Нежелательная информация'),(455,'Непоставляемое изделие'),(456,'Неправомерный доступ'),(457,'Несанкционированный доступ к программным средствам'),(458,'Несанкционированный доступ'),(459,'Виртуально'),(460,'Вакцинирование'),(461,'Верификация'),(462,'Жизненно важные интересы'),(463,'Ключ проверки электронной подписи'),(464,'Нарушитель правил разграничения доступа'),(465,'Текстовый редактор'),(466,'Стоимость'),(467,'Веб-сервис'),(468,'Вебкамера'),(469,'Всемирная паутина'),(470,'Список ожидания'),(471,'Глобальная сеть'),(472,'Путь'),(473,'Веб-страница'),(474,'Логическое исключающее ИЛИ'),(475,'Яху! ( восклицание радости )'),(476,'2000-й год'),(477,'Ноль'),(478,'Увеличивать / приблизить'),(479,'Масштабирование');
/*!40000 ALTER TABLE `words_ru` ENABLE KEYS */;
UNLOCK TABLES;

--
-- Dumping routines for database 'easydictionary'
--
/*!40103 SET TIME_ZONE=@OLD_TIME_ZONE */;

/*!40101 SET SQL_MODE=@OLD_SQL_MODE */;
/*!40014 SET FOREIGN_KEY_CHECKS=@OLD_FOREIGN_KEY_CHECKS */;
/*!40014 SET UNIQUE_CHECKS=@OLD_UNIQUE_CHECKS */;
/*!40101 SET CHARACTER_SET_CLIENT=@OLD_CHARACTER_SET_CLIENT */;
/*!40101 SET CHARACTER_SET_RESULTS=@OLD_CHARACTER_SET_RESULTS */;
/*!40101 SET COLLATION_CONNECTION=@OLD_COLLATION_CONNECTION */;
/*!40111 SET SQL_NOTES=@OLD_SQL_NOTES */;

-- Dump completed on 2021-01-06 22:27:40
