-- phpMyAdmin SQL Dump
-- version 5.0.1
-- https://www.phpmyadmin.net/
--
-- Хост: localhost
-- Время создания: Июн 04 2020 г., 17:04
-- Версия сервера: 8.0.20
-- Версия PHP: 7.4.5

SET SQL_MODE = "NO_AUTO_VALUE_ON_ZERO";
SET AUTOCOMMIT = 0;
START TRANSACTION;
SET time_zone = "+00:00";


/*!40101 SET @OLD_CHARACTER_SET_CLIENT=@@CHARACTER_SET_CLIENT */;
/*!40101 SET @OLD_CHARACTER_SET_RESULTS=@@CHARACTER_SET_RESULTS */;
/*!40101 SET @OLD_COLLATION_CONNECTION=@@COLLATION_CONNECTION */;
/*!40101 SET NAMES utf8mb4 */;

--
-- База данных: `tech_db_rasp`
--

-- --------------------------------------------------------

--
-- Структура таблицы `cons`
--

CREATE TABLE `cons` (
  `id` int NOT NULL,
  `id_prepod` int NOT NULL,
  `timedays` datetime NOT NULL,
  `prodolgitel` time NOT NULL
) ENGINE=InnoDB DEFAULT CHARSET=utf8;

--
-- Дамп данных таблицы `cons`
--

INSERT INTO `cons` (`id`, `id_prepod`, `timedays`, `prodolgitel`) VALUES
(417, 7, '2020-05-27 18:05:00', '01:30:00'),
(418, 8, '2020-01-31 18:05:00', '01:00:00'),
(419, 9, '2020-02-01 18:05:00', '01:30:00'),
(420, 10, '2020-02-12 15:05:00', '01:00:00'),
(421, 11, '2020-02-18 17:05:00', '01:30:00'),
(422, 12, '2020-05-06 17:05:00', '01:30:00'),
(423, 13, '2020-01-05 15:05:00', '01:00:00'),
(424, 14, '2020-04-28 18:05:00', '00:30:00'),
(425, 15, '2020-05-10 18:05:00', '02:00:00'),
(426, 16, '2020-03-28 14:05:00', '00:30:00'),
(427, 17, '2020-02-12 14:05:00', '02:00:00'),
(428, 18, '2020-01-28 16:05:00', '01:30:00'),
(429, 20, '2020-04-02 15:05:00', '01:30:00'),
(430, 22, '2020-01-09 14:05:00', '02:00:00'),
(431, 23, '2020-04-02 15:05:00', '02:00:00'),
(432, 26, '2020-01-15 16:05:00', '01:00:00'),
(433, 27, '2020-03-02 15:05:00', '02:00:00'),
(434, 29, '2020-04-09 16:05:00', '00:30:00'),
(435, 33, '2020-05-12 18:05:00', '01:00:00'),
(436, 34, '2020-05-08 15:05:00', '00:30:00'),
(437, 35, '2020-04-20 16:05:00', '01:30:00'),
(438, 37, '2020-05-07 16:05:00', '02:00:00'),
(439, 41, '2020-01-16 14:05:00', '02:00:00'),
(440, 42, '2020-01-09 17:05:00', '00:30:00'),
(441, 43, '2020-01-10 16:05:00', '02:00:00'),
(442, 44, '2020-01-24 17:05:00', '01:30:00'),
(443, 46, '2020-02-22 14:05:00', '01:30:00'),
(444, 47, '2020-03-08 18:05:00', '01:00:00'),
(445, 48, '2020-04-29 17:05:00', '01:00:00'),
(446, 49, '2020-03-25 18:05:00', '00:30:00'),
(447, 50, '2020-01-05 14:05:00', '01:00:00'),
(448, 53, '2020-03-27 15:05:00', '01:30:00'),
(449, 54, '2020-01-19 17:05:00', '01:00:00'),
(450, 55, '2020-01-13 19:05:00', '01:00:00'),
(451, 57, '2020-03-22 18:05:00', '01:00:00'),
(452, 59, '2020-02-29 14:05:00', '01:30:00'),
(453, 60, '2020-03-21 16:05:00', '01:30:00'),
(454, 61, '2020-01-09 18:05:00', '00:30:00'),
(455, 65, '2020-02-14 15:05:00', '02:00:00'),
(456, 67, '2020-05-18 16:05:00', '01:30:00'),
(457, 68, '2020-02-17 19:05:00', '00:30:00'),
(458, 69, '2020-04-07 17:05:00', '02:00:00'),
(459, 70, '2020-01-14 19:05:00', '01:30:00'),
(460, 73, '2020-02-18 19:05:00', '01:30:00'),
(461, 74, '2020-05-21 16:05:00', '02:00:00'),
(462, 75, '2020-01-31 15:05:00', '01:00:00'),
(463, 76, '2020-03-28 19:05:00', '01:00:00'),
(464, 77, '2020-02-03 18:05:00', '01:00:00'),
(465, 83, '2020-02-22 19:05:00', '02:00:00'),
(466, 84, '2020-01-25 15:05:00', '01:00:00'),
(467, 86, '2020-01-22 19:05:00', '02:00:00'),
(468, 87, '2020-03-01 18:05:00', '02:00:00'),
(469, 89, '2020-01-23 14:05:00', '01:00:00'),
(470, 90, '2020-04-21 17:05:00', '02:00:00'),
(471, 91, '2020-01-23 15:05:00', '02:00:00'),
(472, 92, '2020-05-29 14:05:00', '01:00:00'),
(473, 93, '2020-04-24 17:05:00', '00:30:00'),
(474, 96, '2020-05-23 14:05:00', '02:00:00'),
(475, 97, '2020-05-29 14:05:00', '00:30:00'),
(476, 98, '2020-04-06 19:05:00', '00:30:00'),
(477, 101, '2020-02-08 15:05:00', '02:00:00'),
(478, 103, '2020-04-23 14:05:00', '00:30:00'),
(479, 104, '2020-04-08 19:05:00', '00:30:00'),
(480, 105, '2020-04-18 16:05:00', '01:00:00'),
(481, 106, '2020-01-24 15:05:00', '00:30:00'),
(482, 107, '2020-03-01 19:05:00', '00:30:00'),
(483, 108, '2020-04-01 18:05:00', '01:30:00'),
(484, 109, '2020-02-05 19:05:00', '02:00:00'),
(485, 110, '2020-02-03 16:05:00', '00:30:00'),
(486, 111, '2020-01-01 18:05:00', '00:30:00'),
(487, 112, '2020-01-12 14:05:00', '02:00:00'),
(488, 113, '2020-05-12 16:05:00', '01:30:00'),
(489, 114, '2020-05-16 16:05:00', '02:00:00'),
(490, 116, '2020-04-25 14:05:00', '01:00:00'),
(491, 117, '2020-03-11 16:05:00', '02:00:00'),
(492, 118, '2020-03-09 16:05:00', '01:00:00'),
(493, 119, '2020-02-26 18:05:00', '02:00:00'),
(494, 120, '2020-04-14 15:05:00', '02:00:00'),
(495, 121, '2020-05-29 16:05:00', '02:00:00'),
(496, 123, '2020-03-09 18:05:00', '02:00:00'),
(497, 124, '2020-03-19 19:05:00', '02:00:00'),
(498, 125, '2020-01-04 18:05:00', '00:30:00'),
(499, 131, '2020-04-20 14:05:00', '01:30:00'),
(500, 132, '2020-04-17 16:05:00', '01:30:00'),
(501, 134, '2020-04-17 17:05:00', '02:00:00'),
(502, 135, '2020-05-05 15:05:00', '00:30:00'),
(503, 138, '2020-02-08 15:05:00', '01:00:00'),
(504, 139, '2020-02-11 14:05:00', '00:30:00'),
(505, 140, '2020-02-09 15:05:00', '02:00:00'),
(506, 141, '2020-05-04 18:05:00', '02:00:00'),
(507, 142, '2020-02-08 18:05:00', '01:00:00'),
(508, 143, '2020-01-24 15:05:00', '02:00:00'),
(509, 144, '2020-03-16 15:05:00', '00:30:00'),
(510, 145, '2020-02-16 19:05:00', '00:30:00'),
(511, 147, '2020-05-21 18:05:00', '01:00:00'),
(512, 148, '2020-05-23 16:05:00', '00:30:00'),
(513, 149, '2020-04-08 17:05:00', '01:00:00'),
(514, 152, '2020-05-24 18:05:00', '02:00:00'),
(515, 154, '2020-01-26 19:05:00', '01:00:00'),
(516, 156, '2020-04-24 15:05:00', '00:30:00'),
(517, 159, '2020-04-02 16:05:00', '01:30:00'),
(518, 160, '2020-05-09 14:05:00', '00:30:00'),
(519, 161, '2020-02-21 19:05:00', '02:00:00'),
(520, 162, '2020-01-01 15:05:00', '01:00:00'),
(521, 163, '2020-05-09 16:05:00', '01:00:00'),
(522, 166, '2020-03-24 14:05:00', '01:30:00'),
(523, 167, '2020-01-28 19:05:00', '01:00:00'),
(524, 169, '2020-04-09 14:05:00', '00:30:00'),
(525, 170, '2020-05-19 14:05:00', '02:00:00'),
(526, 171, '2020-02-10 16:05:00', '00:30:00'),
(527, 172, '2020-03-01 15:05:00', '02:00:00'),
(528, 173, '2020-03-19 16:05:00', '02:00:00'),
(529, 174, '2020-03-25 16:05:00', '00:30:00'),
(530, 176, '2020-01-19 14:05:00', '01:00:00'),
(531, 177, '2020-02-06 15:05:00', '01:30:00'),
(532, 179, '2020-03-18 17:05:00', '01:30:00'),
(533, 181, '2020-05-21 15:05:00', '00:30:00'),
(534, 183, '2020-03-30 18:05:00', '01:00:00'),
(535, 186, '2020-01-05 15:05:00', '01:30:00'),
(536, 188, '2020-03-11 15:05:00', '02:00:00'),
(537, 189, '2020-03-14 15:05:00', '02:00:00'),
(538, 190, '2020-04-09 17:05:00', '02:00:00'),
(539, 191, '2020-03-06 18:05:00', '02:00:00'),
(540, 193, '2020-03-11 17:05:00', '01:00:00'),
(541, 196, '2020-04-16 18:05:00', '00:30:00'),
(542, 197, '2020-04-19 18:05:00', '00:30:00'),
(543, 198, '2020-04-20 17:05:00', '01:00:00'),
(544, 200, '2020-03-22 17:05:00', '01:30:00'),
(545, 201, '2020-01-10 19:05:00', '01:30:00'),
(546, 203, '2020-04-05 16:05:00', '00:30:00'),
(547, 204, '2020-01-13 18:05:00', '00:30:00'),
(548, 205, '2020-02-01 14:05:00', '00:30:00'),
(549, 208, '2020-02-01 19:05:00', '01:30:00'),
(550, 209, '2020-03-03 18:05:00', '01:00:00'),
(551, 210, '2020-04-18 17:05:00', '01:30:00'),
(552, 212, '2020-04-19 14:05:00', '00:30:00'),
(553, 213, '2020-03-16 18:05:00', '01:00:00'),
(554, 214, '2020-04-23 16:05:00', '02:00:00'),
(555, 215, '2020-01-12 14:05:00', '02:00:00'),
(556, 216, '2020-05-07 14:05:00', '01:30:00'),
(557, 217, '2020-02-10 19:05:00', '01:00:00'),
(558, 218, '2020-05-06 14:05:00', '01:30:00'),
(559, 219, '2020-01-01 16:05:00', '01:30:00'),
(560, 223, '2020-05-04 16:05:00', '01:30:00'),
(561, 224, '2020-03-01 15:05:00', '01:30:00'),
(562, 225, '2020-03-25 19:05:00', '01:30:00'),
(563, 226, '2020-04-10 17:05:00', '00:30:00'),
(564, 227, '2020-02-27 16:05:00', '01:30:00'),
(565, 228, '2020-03-31 16:05:00', '02:00:00'),
(566, 229, '2020-01-04 15:05:00', '00:30:00'),
(567, 230, '2020-03-22 17:05:00', '01:00:00'),
(568, 231, '2020-05-04 15:05:00', '00:30:00'),
(569, 233, '2020-03-01 16:05:00', '01:30:00'),
(570, 236, '2020-05-21 18:05:00', '01:30:00'),
(571, 237, '2020-01-01 18:05:00', '01:00:00'),
(572, 238, '2020-03-31 15:05:00', '02:00:00'),
(573, 241, '2020-05-16 15:05:00', '02:00:00'),
(574, 243, '2020-01-24 19:05:00', '01:00:00'),
(575, 244, '2020-01-28 14:05:00', '01:30:00'),
(576, 245, '2020-05-23 14:05:00', '01:30:00'),
(577, 247, '2020-03-02 17:05:00', '02:00:00'),
(578, 248, '2020-03-11 17:05:00', '01:00:00'),
(579, 249, '2020-03-04 19:05:00', '01:30:00'),
(580, 250, '2020-04-20 19:05:00', '01:30:00'),
(581, 251, '2020-05-08 19:05:00', '01:30:00'),
(582, 252, '2020-02-05 15:05:00', '02:00:00'),
(583, 253, '2020-05-22 14:05:00', '01:00:00'),
(584, 254, '2020-04-13 16:05:00', '02:00:00'),
(585, 255, '2020-05-04 19:05:00', '01:30:00'),
(586, 257, '2020-05-11 17:05:00', '00:30:00'),
(587, 258, '2020-02-18 16:05:00', '01:30:00'),
(588, 259, '2020-04-11 17:05:00', '01:00:00'),
(589, 261, '2020-05-10 18:05:00', '01:30:00'),
(590, 262, '2020-05-01 17:05:00', '01:00:00'),
(591, 263, '2020-04-20 16:05:00', '02:00:00'),
(592, 265, '2020-01-06 19:05:00', '01:30:00'),
(593, 266, '2020-05-01 18:05:00', '02:00:00'),
(594, 267, '2020-05-28 19:05:00', '01:00:00'),
(595, 268, '2020-04-04 17:05:00', '01:30:00'),
(596, 270, '2020-01-27 14:05:00', '00:30:00'),
(597, 271, '2020-04-21 14:05:00', '01:30:00'),
(598, 272, '2020-04-04 17:05:00', '01:00:00'),
(599, 274, '2020-04-20 18:05:00', '02:00:00'),
(600, 276, '2020-02-10 18:05:00', '00:30:00'),
(601, 278, '2020-01-16 17:05:00', '01:30:00'),
(602, 279, '2020-02-11 18:05:00', '00:30:00'),
(603, 280, '2020-05-17 15:05:00', '01:00:00'),
(604, 286, '2020-01-06 15:05:00', '01:00:00'),
(605, 287, '2020-02-16 14:05:00', '00:30:00'),
(606, 289, '2020-02-16 16:05:00', '01:30:00'),
(607, 290, '2020-02-14 16:05:00', '01:00:00'),
(608, 292, '2020-01-01 16:05:00', '01:30:00'),
(609, 295, '2020-05-10 16:05:00', '00:30:00'),
(610, 296, '2020-01-04 15:05:00', '00:30:00'),
(611, 297, '2020-05-29 17:05:00', '01:30:00'),
(612, 299, '2020-03-01 18:05:00', '01:00:00'),
(613, 300, '2020-04-27 16:05:00', '02:00:00'),
(614, 303, '2020-04-26 17:05:00', '01:00:00'),
(615, 304, '2020-03-04 18:05:00', '00:30:00'),
(616, 305, '2020-01-18 19:05:00', '01:30:00'),
(617, 306, '2020-03-13 17:05:00', '01:30:00'),
(618, 309, '2020-05-04 19:05:00', '00:30:00'),
(619, 310, '2020-03-21 17:05:00', '02:00:00'),
(620, 311, '2020-04-27 16:05:00', '01:30:00'),
(621, 314, '2020-03-09 16:05:00', '00:30:00'),
(622, 315, '2020-05-22 14:05:00', '00:30:00'),
(623, 323, '2020-03-26 16:05:00', '01:30:00'),
(624, 324, '2020-05-01 19:05:00', '01:30:00'),
(625, 325, '2020-01-27 19:05:00', '02:00:00'),
(626, 328, '2020-01-24 16:05:00', '02:00:00'),
(627, 329, '2020-05-24 17:05:00', '00:30:00'),
(628, 333, '2020-05-21 14:05:00', '02:00:00'),
(629, 334, '2020-05-10 18:05:00', '01:30:00'),
(630, 335, '2020-03-27 14:05:00', '01:30:00'),
(631, 336, '2020-05-28 19:05:00', '02:00:00'),
(632, 338, '2020-04-07 16:05:00', '02:00:00'),
(633, 340, '2020-01-21 14:05:00', '01:00:00'),
(634, 341, '2020-04-03 15:05:00', '01:30:00'),
(635, 343, '2020-03-29 17:05:00', '02:00:00'),
(636, 344, '2020-05-04 19:05:00', '01:30:00'),
(637, 345, '2020-04-03 17:05:00', '02:00:00'),
(638, 346, '2020-01-20 18:05:00', '02:00:00'),
(639, 348, '2020-03-19 14:05:00', '01:30:00'),
(640, 349, '2020-01-01 17:05:00', '02:00:00'),
(641, 350, '2020-01-19 15:05:00', '01:00:00'),
(642, 352, '2020-05-04 16:05:00', '01:00:00'),
(643, 353, '2020-03-20 18:05:00', '01:00:00'),
(644, 356, '2020-03-20 18:05:00', '01:00:00'),
(645, 359, '2020-01-13 17:05:00', '01:00:00'),
(646, 360, '2020-04-25 17:05:00', '01:30:00'),
(647, 361, '2020-02-10 19:05:00', '01:30:00'),
(648, 365, '2020-05-16 19:05:00', '01:30:00'),
(649, 366, '2020-02-16 15:05:00', '01:30:00'),
(650, 369, '2020-05-28 17:05:00', '00:30:00'),
(651, 370, '2020-01-01 16:05:00', '01:00:00'),
(652, 374, '2020-04-20 15:05:00', '01:30:00'),
(653, 376, '2020-01-25 19:05:00', '01:00:00'),
(654, 377, '2020-01-05 17:05:00', '00:30:00'),
(655, 380, '2020-02-07 15:05:00', '02:00:00'),
(656, 381, '2020-03-25 15:05:00', '00:30:00'),
(657, 382, '2020-01-07 16:05:00', '01:00:00'),
(658, 384, '2020-04-15 15:05:00', '01:00:00'),
(659, 386, '2020-05-25 19:05:00', '01:00:00'),
(660, 387, '2020-02-01 14:05:00', '02:00:00'),
(661, 388, '2020-02-24 19:05:00', '01:00:00'),
(662, 389, '2020-02-08 14:05:00', '02:00:00'),
(663, 390, '2020-01-31 14:05:00', '01:00:00'),
(664, 391, '2020-03-20 19:05:00', '02:00:00'),
(665, 392, '2020-02-07 16:05:00', '02:00:00'),
(666, 393, '2020-05-01 17:05:00', '01:00:00'),
(667, 394, '2020-01-22 16:05:00', '01:00:00'),
(668, 395, '2020-02-18 18:05:00', '01:30:00'),
(669, 396, '2020-04-24 19:05:00', '02:00:00'),
(670, 397, '2020-01-03 16:05:00', '01:00:00'),
(671, 399, '2020-03-10 18:05:00', '01:00:00'),
(672, 402, '2020-03-03 17:05:00', '01:00:00'),
(673, 403, '2020-04-24 15:05:00', '01:30:00'),
(674, 404, '2020-03-21 15:05:00', '00:30:00'),
(675, 409, '2020-05-16 15:05:00', '01:30:00'),
(676, 410, '2020-04-18 17:05:00', '01:30:00'),
(677, 412, '2020-03-15 15:05:00', '02:00:00'),
(678, 415, '2020-02-24 18:05:00', '01:00:00'),
(679, 416, '2020-03-28 14:05:00', '00:30:00'),
(680, 418, '2020-02-01 14:05:00', '02:00:00'),
(681, 419, '2020-03-18 14:05:00', '01:30:00'),
(682, 420, '2020-02-24 14:05:00', '01:00:00'),
(683, 421, '2020-01-19 16:05:00', '02:00:00'),
(684, 422, '2020-03-28 19:05:00', '02:00:00'),
(685, 425, '2020-05-09 16:05:00', '01:00:00'),
(686, 428, '2020-03-02 15:05:00', '01:30:00'),
(687, 429, '2020-01-24 19:05:00', '01:00:00'),
(688, 430, '2020-05-02 17:05:00', '00:30:00'),
(689, 431, '2020-04-03 16:05:00', '00:30:00'),
(690, 432, '2020-05-16 17:05:00', '02:00:00'),
(691, 435, '2020-01-01 18:05:00', '00:30:00'),
(692, 436, '2020-03-20 17:05:00', '02:00:00'),
(693, 438, '2020-04-13 15:05:00', '01:30:00'),
(694, 439, '2020-01-13 16:05:00', '02:00:00'),
(695, 440, '2020-02-21 14:05:00', '01:00:00'),
(696, 442, '2020-02-23 15:05:00', '01:30:00'),
(697, 443, '2020-02-14 14:05:00', '01:30:00'),
(698, 445, '2020-02-29 18:05:00', '01:00:00'),
(699, 447, '2020-05-02 19:05:00', '01:00:00'),
(700, 450, '2020-05-19 15:05:00', '00:30:00'),
(701, 451, '2020-04-03 18:05:00', '02:00:00'),
(702, 452, '2020-05-05 14:05:00', '00:30:00'),
(703, 453, '2020-03-11 19:05:00', '00:30:00'),
(704, 454, '2020-03-30 14:05:00', '02:00:00'),
(705, 455, '2020-04-02 15:05:00', '01:00:00'),
(706, 457, '2020-03-28 19:05:00', '01:30:00'),
(707, 459, '2020-04-21 14:05:00', '02:00:00'),
(708, 460, '2020-05-18 18:05:00', '02:00:00'),
(709, 465, '2020-02-12 15:05:00', '01:00:00'),
(710, 467, '2020-01-09 19:05:00', '01:00:00'),
(711, 469, '2020-02-17 16:05:00', '00:30:00'),
(712, 471, '2020-04-29 16:05:00', '01:30:00'),
(713, 472, '2020-03-17 18:05:00', '00:30:00'),
(714, 473, '2020-01-24 19:05:00', '00:30:00'),
(715, 474, '2020-05-10 15:05:00', '00:30:00'),
(716, 477, '2020-03-26 15:05:00', '01:30:00'),
(717, 481, '2020-04-11 19:05:00', '00:30:00'),
(718, 482, '2020-03-24 15:05:00', '01:30:00'),
(719, 483, '2020-01-15 19:05:00', '02:00:00'),
(720, 484, '2020-04-07 18:05:00', '00:30:00'),
(721, 485, '2020-05-18 14:05:00', '02:00:00'),
(722, 486, '2020-04-09 14:05:00', '01:00:00'),
(723, 487, '2020-05-17 14:05:00', '02:00:00'),
(724, 488, '2020-02-04 16:05:00', '01:30:00'),
(725, 489, '2020-02-21 19:05:00', '02:00:00'),
(726, 490, '2020-01-22 19:05:00', '02:00:00'),
(727, 491, '2020-05-19 19:05:00', '02:00:00'),
(728, 494, '2020-01-26 15:05:00', '02:00:00'),
(729, 495, '2020-02-18 16:05:00', '00:30:00'),
(730, 496, '2020-02-25 18:05:00', '01:00:00'),
(731, 497, '2020-01-11 17:05:00', '01:30:00'),
(732, 498, '2020-04-30 15:05:00', '02:00:00'),
(733, 500, '2020-04-22 16:05:00', '02:00:00'),
(734, 501, '2020-01-07 19:05:00', '01:30:00'),
(735, 502, '2020-05-28 17:05:00', '00:30:00'),
(736, 505, '2020-02-07 19:05:00', '02:00:00'),
(737, 508, '2020-04-29 19:05:00', '01:30:00'),
(738, 509, '2020-02-04 18:05:00', '02:00:00'),
(739, 511, '2020-02-08 17:05:00', '01:00:00'),
(740, 514, '2020-02-12 15:05:00', '00:30:00'),
(741, 515, '2020-04-20 14:05:00', '00:30:00'),
(742, 517, '2020-01-20 16:05:00', '01:30:00'),
(743, 518, '2020-01-01 19:05:00', '01:00:00'),
(744, 520, '2020-05-25 19:05:00', '01:00:00'),
(745, 521, '2020-03-15 17:05:00', '02:00:00'),
(746, 522, '2020-04-15 19:05:00', '00:30:00'),
(747, 523, '2020-03-17 15:05:00', '00:30:00'),
(748, 524, '2020-04-04 17:05:00', '01:00:00'),
(749, 525, '2020-02-12 17:05:00', '01:30:00'),
(750, 526, '2020-05-26 19:05:00', '00:30:00'),
(751, 528, '2020-02-24 19:05:00', '02:00:00'),
(752, 529, '2020-03-19 17:05:00', '01:00:00'),
(753, 530, '2020-01-26 17:05:00', '00:30:00'),
(754, 534, '2020-05-17 15:05:00', '01:00:00'),
(755, 537, '2020-01-26 17:05:00', '01:00:00'),
(756, 540, '2020-05-03 14:05:00', '00:30:00'),
(757, 541, '2020-04-17 14:05:00', '01:30:00'),
(758, 542, '2020-03-31 19:05:00', '01:00:00'),
(759, 544, '2020-05-09 16:05:00', '00:30:00'),
(760, 545, '2020-01-05 16:05:00', '02:00:00'),
(761, 547, '2020-02-01 18:05:00', '01:00:00'),
(762, 548, '2020-03-22 16:05:00', '00:30:00'),
(763, 549, '2020-01-17 19:05:00', '00:30:00'),
(764, 550, '2020-02-07 15:05:00', '01:00:00'),
(765, 551, '2020-04-12 14:05:00', '00:30:00'),
(766, 552, '2020-01-27 14:05:00', '00:30:00'),
(767, 553, '2020-04-14 19:05:00', '01:30:00'),
(768, 555, '2020-02-08 16:05:00', '00:30:00'),
(769, 557, '2020-05-02 18:05:00', '01:30:00'),
(770, 559, '2020-03-18 14:05:00', '01:30:00'),
(771, 561, '2020-03-01 14:05:00', '01:30:00'),
(772, 562, '2020-03-03 17:05:00', '02:00:00'),
(773, 563, '2020-01-20 15:05:00', '01:30:00'),
(774, 564, '2020-01-05 14:05:00', '00:30:00'),
(775, 567, '2020-01-01 17:05:00', '00:30:00'),
(776, 571, '2020-03-21 19:05:00', '00:30:00'),
(777, 573, '2020-05-16 14:05:00', '01:00:00'),
(778, 574, '2020-01-21 14:05:00', '00:30:00'),
(779, 576, '2020-02-01 17:05:00', '01:30:00'),
(780, 578, '2020-03-06 15:05:00', '00:30:00'),
(781, 579, '2020-01-30 16:05:00', '01:30:00'),
(782, 580, '2020-03-23 16:05:00', '00:30:00'),
(783, 581, '2020-01-27 18:05:00', '01:30:00'),
(784, 583, '2020-02-16 14:05:00', '01:30:00'),
(785, 584, '2020-03-07 17:05:00', '00:30:00'),
(786, 585, '2020-02-27 14:05:00', '02:00:00'),
(787, 589, '2020-02-03 15:05:00', '00:30:00'),
(788, 593, '2020-03-05 18:05:00', '02:00:00'),
(789, 594, '2020-05-11 17:05:00', '00:30:00'),
(790, 597, '2020-03-15 14:05:00', '02:00:00'),
(791, 599, '2020-03-14 14:05:00', '00:30:00'),
(1203, 9, '2020-06-03 19:05:00', '01:30:00'),
(1204, 11, '2020-06-13 14:05:00', '01:30:00'),
(1205, 12, '2020-06-27 19:05:00', '02:00:00'),
(1206, 15, '2020-06-03 16:05:00', '01:30:00'),
(1207, 16, '2020-06-26 17:05:00', '02:00:00'),
(1208, 17, '2020-06-10 15:05:00', '01:30:00'),
(1209, 19, '2020-06-16 17:05:00', '01:00:00'),
(1210, 20, '2020-06-10 18:05:00', '01:30:00'),
(1211, 23, '2020-06-06 14:05:00', '02:00:00'),
(1212, 24, '2020-06-18 14:05:00', '01:00:00'),
(1213, 26, '2020-06-12 17:05:00', '01:30:00'),
(1214, 28, '2020-06-26 18:05:00', '02:00:00'),
(1215, 29, '2020-06-06 17:05:00', '01:30:00'),
(1216, 30, '2020-06-21 18:05:00', '01:00:00'),
(1217, 32, '2020-06-18 16:05:00', '01:30:00'),
(1218, 33, '2020-06-29 14:05:00', '01:30:00'),
(1219, 34, '2020-06-10 16:05:00', '01:30:00'),
(1220, 35, '2020-06-03 15:05:00', '01:30:00'),
(1221, 36, '2020-06-12 19:05:00', '01:30:00'),
(1222, 39, '2020-06-09 19:05:00', '01:30:00'),
(1223, 42, '2020-06-23 17:05:00', '01:00:00'),
(1224, 43, '2020-06-26 14:05:00', '01:00:00'),
(1225, 45, '2020-06-15 14:05:00', '00:30:00'),
(1226, 46, '2020-06-12 14:05:00', '00:30:00'),
(1227, 47, '2020-06-28 19:05:00', '01:00:00'),
(1228, 49, '2020-06-20 14:05:00', '00:30:00'),
(1229, 50, '2020-06-28 15:05:00', '02:00:00'),
(1230, 53, '2020-06-14 16:05:00', '01:00:00'),
(1231, 55, '2020-06-07 16:05:00', '01:00:00'),
(1232, 57, '2020-06-15 14:05:00', '00:30:00'),
(1233, 61, '2020-06-27 15:05:00', '00:30:00'),
(1234, 63, '2020-06-11 15:05:00', '00:30:00'),
(1235, 64, '2020-06-02 15:05:00', '02:00:00'),
(1236, 68, '2020-06-15 18:05:00', '01:00:00'),
(1237, 69, '2020-06-22 15:05:00', '01:30:00'),
(1238, 70, '2020-06-06 15:05:00', '01:00:00'),
(1239, 71, '2020-06-20 17:05:00', '01:00:00'),
(1240, 72, '2020-06-30 15:05:00', '02:00:00'),
(1241, 73, '2020-06-03 15:05:00', '01:30:00'),
(1242, 75, '2020-06-24 19:05:00', '02:00:00'),
(1243, 77, '2020-06-30 14:05:00', '02:00:00'),
(1244, 78, '2020-06-29 18:05:00', '02:00:00'),
(1245, 79, '2020-06-09 19:05:00', '00:30:00'),
(1246, 81, '2020-06-09 18:05:00', '01:00:00'),
(1247, 82, '2020-06-02 18:05:00', '02:00:00'),
(1248, 83, '2020-06-28 19:05:00', '00:30:00'),
(1249, 84, '2020-06-10 14:05:00', '01:00:00'),
(1250, 85, '2020-06-16 18:05:00', '00:30:00'),
(1251, 86, '2020-06-05 17:05:00', '01:00:00'),
(1252, 87, '2020-06-07 16:05:00', '00:30:00'),
(1253, 88, '2020-06-28 19:05:00', '02:00:00'),
(1254, 89, '2020-06-21 18:05:00', '01:30:00'),
(1255, 90, '2020-06-23 17:05:00', '01:00:00'),
(1256, 91, '2020-06-03 17:05:00', '00:30:00'),
(1257, 92, '2020-06-27 14:05:00', '01:00:00'),
(1258, 93, '2020-06-21 19:05:00', '01:30:00'),
(1259, 95, '2020-06-27 15:05:00', '01:30:00'),
(1260, 96, '2020-06-17 15:05:00', '01:30:00'),
(1261, 97, '2020-06-04 19:05:00', '01:30:00'),
(1262, 98, '2020-06-23 16:05:00', '02:00:00'),
(1263, 99, '2020-06-18 15:05:00', '01:00:00'),
(1264, 104, '2020-06-01 19:05:00', '01:30:00'),
(1265, 105, '2020-06-25 18:05:00', '01:00:00'),
(1266, 106, '2020-06-18 16:05:00', '01:00:00'),
(1267, 113, '2020-06-20 15:05:00', '02:00:00'),
(1268, 114, '2020-06-27 18:05:00', '02:00:00'),
(1269, 116, '2020-06-01 14:05:00', '02:00:00'),
(1270, 121, '2020-06-17 14:05:00', '02:00:00'),
(1271, 122, '2020-06-25 17:05:00', '02:00:00'),
(1272, 123, '2020-06-19 15:05:00', '01:30:00'),
(1273, 124, '2020-06-25 19:05:00', '01:30:00'),
(1274, 126, '2020-06-06 19:05:00', '00:30:00'),
(1275, 127, '2020-06-07 19:05:00', '02:00:00'),
(1276, 128, '2020-06-21 19:05:00', '01:00:00'),
(1277, 129, '2020-06-13 18:05:00', '01:00:00'),
(1278, 131, '2020-06-17 16:05:00', '02:00:00'),
(1279, 133, '2020-06-04 18:05:00', '00:30:00'),
(1280, 137, '2020-06-15 17:05:00', '01:30:00'),
(1281, 138, '2020-06-27 14:05:00', '01:30:00'),
(1282, 139, '2020-06-26 17:05:00', '01:30:00'),
(1283, 141, '2020-06-01 17:05:00', '02:00:00'),
(1284, 142, '2020-06-08 14:05:00', '01:30:00'),
(1285, 143, '2020-06-03 17:05:00', '00:30:00'),
(1286, 144, '2020-06-03 17:05:00', '00:30:00'),
(1287, 145, '2020-06-21 16:05:00', '02:00:00'),
(1288, 146, '2020-06-29 16:05:00', '02:00:00'),
(1289, 148, '2020-06-28 15:05:00', '01:00:00'),
(1290, 149, '2020-06-28 15:05:00', '02:00:00'),
(1291, 150, '2020-06-15 15:05:00', '00:30:00'),
(1292, 151, '2020-06-11 15:05:00', '02:00:00'),
(1293, 152, '2020-06-15 17:05:00', '02:00:00'),
(1294, 158, '2020-06-15 16:05:00', '00:30:00'),
(1295, 159, '2020-06-16 17:05:00', '02:00:00'),
(1296, 163, '2020-06-05 19:05:00', '01:00:00'),
(1297, 164, '2020-06-15 15:05:00', '01:00:00'),
(1298, 165, '2020-06-05 19:05:00', '02:00:00'),
(1299, 166, '2020-06-25 17:05:00', '02:00:00'),
(1300, 167, '2020-06-24 14:05:00', '01:00:00'),
(1301, 168, '2020-06-16 16:05:00', '01:00:00'),
(1302, 174, '2020-06-13 14:05:00', '00:30:00'),
(1303, 176, '2020-06-11 16:05:00', '01:00:00'),
(1304, 177, '2020-06-23 19:05:00', '02:00:00'),
(1305, 180, '2020-06-28 16:05:00', '00:30:00'),
(1306, 181, '2020-06-22 15:05:00', '01:30:00'),
(1307, 182, '2020-06-18 16:05:00', '01:00:00'),
(1308, 183, '2020-06-28 18:05:00', '01:00:00'),
(1309, 184, '2020-06-29 14:05:00', '01:30:00'),
(1310, 185, '2020-06-04 18:05:00', '00:30:00'),
(1311, 186, '2020-06-10 14:05:00', '02:00:00'),
(1312, 187, '2020-06-11 17:05:00', '00:30:00'),
(1313, 190, '2020-06-12 14:05:00', '01:30:00'),
(1314, 191, '2020-06-06 16:05:00', '00:30:00'),
(1315, 193, '2020-06-13 18:05:00', '01:00:00'),
(1316, 194, '2020-06-14 17:05:00', '02:00:00'),
(1317, 195, '2020-06-30 19:05:00', '02:00:00'),
(1318, 196, '2020-06-02 16:05:00', '01:30:00'),
(1319, 197, '2020-06-07 16:05:00', '02:00:00'),
(1320, 199, '2020-06-18 16:05:00', '01:00:00'),
(1321, 201, '2020-06-26 15:05:00', '01:00:00'),
(1322, 202, '2020-06-17 15:05:00', '02:00:00'),
(1323, 203, '2020-06-02 17:05:00', '00:30:00'),
(1324, 204, '2020-06-08 16:05:00', '02:00:00'),
(1325, 205, '2020-06-01 14:05:00', '02:00:00'),
(1326, 206, '2020-06-13 17:05:00', '01:30:00'),
(1327, 207, '2020-06-26 14:05:00', '01:30:00'),
(1328, 208, '2020-06-24 15:05:00', '02:00:00'),
(1329, 209, '2020-06-19 16:05:00', '00:30:00'),
(1330, 210, '2020-06-24 18:05:00', '00:30:00'),
(1331, 211, '2020-06-07 19:05:00', '01:00:00'),
(1332, 212, '2020-06-11 17:05:00', '01:30:00'),
(1333, 214, '2020-06-04 19:05:00', '01:00:00'),
(1334, 215, '2020-06-19 16:05:00', '01:00:00'),
(1335, 216, '2020-06-29 14:05:00', '01:30:00'),
(1336, 217, '2020-06-27 18:05:00', '00:30:00'),
(1337, 218, '2020-06-09 16:05:00', '01:30:00'),
(1338, 219, '2020-06-22 19:05:00', '02:00:00'),
(1339, 220, '2020-06-10 16:05:00', '01:30:00'),
(1340, 221, '2020-06-02 15:05:00', '01:00:00'),
(1341, 223, '2020-06-06 16:05:00', '01:00:00'),
(1342, 225, '2020-06-29 17:05:00', '01:30:00'),
(1343, 226, '2020-06-20 14:05:00', '01:00:00'),
(1344, 227, '2020-06-25 18:05:00', '01:00:00'),
(1345, 230, '2020-06-07 18:05:00', '01:30:00'),
(1346, 231, '2020-06-26 14:05:00', '01:00:00'),
(1347, 233, '2020-06-03 17:05:00', '00:30:00'),
(1348, 234, '2020-06-19 16:05:00', '01:30:00'),
(1349, 235, '2020-06-11 19:05:00', '02:00:00'),
(1350, 236, '2020-06-14 17:05:00', '01:30:00'),
(1351, 237, '2020-06-18 16:05:00', '01:00:00'),
(1352, 240, '2020-06-05 17:05:00', '00:30:00'),
(1353, 241, '2020-06-08 19:05:00', '01:30:00'),
(1354, 242, '2020-06-14 16:05:00', '00:30:00'),
(1355, 244, '2020-06-30 16:05:00', '02:00:00'),
(1356, 245, '2020-06-06 17:05:00', '00:30:00'),
(1357, 246, '2020-06-29 17:05:00', '00:30:00'),
(1358, 247, '2020-06-14 15:05:00', '01:00:00'),
(1359, 250, '2020-06-20 18:05:00', '01:30:00'),
(1360, 251, '2020-06-23 19:05:00', '00:30:00'),
(1361, 252, '2020-06-22 16:05:00', '00:30:00'),
(1362, 253, '2020-06-23 19:05:00', '00:30:00'),
(1363, 255, '2020-06-26 19:05:00', '01:30:00'),
(1364, 257, '2020-06-16 18:05:00', '00:30:00'),
(1365, 258, '2020-06-20 16:05:00', '02:00:00'),
(1366, 259, '2020-06-19 18:05:00', '01:30:00'),
(1367, 260, '2020-06-25 15:05:00', '02:00:00'),
(1368, 262, '2020-06-05 16:05:00', '00:30:00'),
(1369, 263, '2020-06-10 17:05:00', '01:30:00'),
(1370, 265, '2020-06-17 17:05:00', '01:30:00'),
(1371, 266, '2020-06-21 16:05:00', '02:00:00'),
(1372, 267, '2020-06-19 16:05:00', '01:00:00'),
(1373, 269, '2020-06-09 16:05:00', '00:30:00'),
(1374, 271, '2020-06-28 15:05:00', '02:00:00'),
(1375, 273, '2020-06-19 14:05:00', '00:30:00'),
(1376, 277, '2020-06-13 16:05:00', '01:30:00'),
(1377, 278, '2020-06-10 14:05:00', '02:00:00'),
(1378, 280, '2020-06-10 16:05:00', '02:00:00'),
(1379, 284, '2020-06-14 18:05:00', '01:30:00'),
(1380, 285, '2020-06-22 19:05:00', '02:00:00'),
(1381, 286, '2020-06-04 18:05:00', '01:30:00'),
(1382, 289, '2020-06-19 16:05:00', '02:00:00'),
(1383, 290, '2020-06-15 16:05:00', '00:30:00'),
(1384, 293, '2020-06-19 18:05:00', '02:00:00'),
(1385, 294, '2020-06-13 18:05:00', '01:00:00'),
(1386, 295, '2020-06-23 18:05:00', '01:00:00'),
(1387, 296, '2020-06-02 18:05:00', '01:00:00'),
(1388, 298, '2020-06-21 15:05:00', '01:00:00'),
(1389, 300, '2020-06-01 19:05:00', '02:00:00'),
(1390, 301, '2020-06-17 15:05:00', '00:30:00'),
(1391, 302, '2020-06-17 15:05:00', '01:00:00'),
(1392, 303, '2020-06-25 17:05:00', '01:30:00'),
(1393, 304, '2020-06-19 14:05:00', '01:00:00'),
(1394, 306, '2020-06-11 15:05:00', '01:30:00'),
(1395, 309, '2020-06-11 15:05:00', '00:30:00'),
(1396, 312, '2020-06-10 17:05:00', '01:30:00'),
(1397, 314, '2020-06-29 19:05:00', '00:30:00'),
(1398, 315, '2020-06-16 18:05:00', '01:00:00'),
(1399, 316, '2020-06-09 17:05:00', '02:00:00'),
(1400, 318, '2020-06-10 19:05:00', '00:30:00'),
(1401, 319, '2020-06-28 17:05:00', '00:30:00'),
(1402, 320, '2020-06-09 17:05:00', '01:00:00'),
(1403, 321, '2020-06-20 14:05:00', '01:00:00'),
(1404, 323, '2020-06-13 19:05:00', '01:30:00'),
(1405, 326, '2020-06-06 16:05:00', '02:00:00'),
(1406, 329, '2020-06-07 19:05:00', '00:30:00'),
(1407, 330, '2020-06-16 15:05:00', '02:00:00'),
(1408, 331, '2020-06-28 14:05:00', '02:00:00'),
(1409, 333, '2020-06-15 15:05:00', '00:30:00'),
(1410, 339, '2020-06-21 18:05:00', '02:00:00'),
(1411, 340, '2020-06-28 18:05:00', '01:00:00'),
(1412, 341, '2020-06-04 18:05:00', '00:30:00'),
(1413, 342, '2020-06-11 18:05:00', '00:30:00'),
(1414, 344, '2020-06-07 17:05:00', '01:30:00'),
(1415, 345, '2020-06-19 17:05:00', '00:30:00'),
(1416, 346, '2020-06-21 18:05:00', '02:00:00'),
(1417, 347, '2020-06-27 17:05:00', '01:30:00'),
(1418, 348, '2020-06-23 16:05:00', '02:00:00'),
(1419, 349, '2020-06-08 19:05:00', '01:00:00'),
(1420, 350, '2020-06-03 17:05:00', '01:30:00'),
(1421, 351, '2020-06-28 14:05:00', '00:30:00'),
(1422, 352, '2020-06-03 18:05:00', '02:00:00'),
(1423, 354, '2020-06-04 17:05:00', '00:30:00'),
(1424, 355, '2020-06-10 17:05:00', '00:30:00'),
(1425, 356, '2020-06-17 17:05:00', '01:00:00'),
(1426, 357, '2020-06-10 17:05:00', '01:00:00'),
(1427, 359, '2020-06-03 14:05:00', '00:30:00'),
(1428, 360, '2020-06-28 15:05:00', '01:00:00'),
(1429, 361, '2020-06-23 19:05:00', '01:00:00'),
(1430, 362, '2020-06-22 16:05:00', '01:30:00'),
(1431, 363, '2020-06-20 17:05:00', '01:00:00'),
(1432, 364, '2020-06-05 16:05:00', '01:30:00'),
(1433, 368, '2020-06-01 17:05:00', '00:30:00'),
(1434, 369, '2020-06-18 16:05:00', '01:00:00'),
(1435, 370, '2020-06-14 16:05:00', '01:00:00'),
(1436, 371, '2020-06-17 18:05:00', '01:00:00'),
(1437, 375, '2020-06-21 18:05:00', '02:00:00'),
(1438, 377, '2020-06-18 16:05:00', '00:30:00'),
(1439, 379, '2020-06-22 15:05:00', '01:00:00'),
(1440, 380, '2020-06-28 14:05:00', '01:30:00'),
(1441, 382, '2020-06-11 18:05:00', '01:00:00'),
(1442, 385, '2020-06-13 19:05:00', '01:30:00'),
(1443, 388, '2020-06-08 18:05:00', '01:00:00'),
(1444, 390, '2020-06-17 19:05:00', '01:30:00'),
(1445, 392, '2020-06-28 18:05:00', '00:30:00'),
(1446, 394, '2020-06-05 19:05:00', '01:00:00'),
(1447, 395, '2020-06-21 14:05:00', '02:00:00'),
(1448, 396, '2020-06-03 18:05:00', '00:30:00'),
(1449, 397, '2020-06-15 17:05:00', '01:00:00'),
(1450, 398, '2020-06-30 18:05:00', '00:30:00'),
(1451, 399, '2020-06-04 17:05:00', '00:30:00'),
(1452, 400, '2020-06-18 16:05:00', '02:00:00'),
(1453, 401, '2020-06-24 14:05:00', '01:30:00'),
(1454, 402, '2020-06-17 18:05:00', '02:00:00'),
(1455, 403, '2020-06-12 16:05:00', '02:00:00'),
(1456, 404, '2020-06-18 16:05:00', '02:00:00'),
(1457, 405, '2020-06-13 15:05:00', '02:00:00'),
(1458, 406, '2020-06-24 15:05:00', '01:30:00'),
(1459, 409, '2020-06-30 19:05:00', '01:00:00'),
(1460, 410, '2020-06-11 19:05:00', '01:30:00'),
(1461, 411, '2020-06-12 18:05:00', '02:00:00'),
(1462, 412, '2020-06-02 14:05:00', '02:00:00'),
(1463, 413, '2020-06-13 18:05:00', '01:30:00'),
(1464, 415, '2020-06-20 16:05:00', '02:00:00'),
(1465, 417, '2020-06-27 14:05:00', '02:00:00'),
(1466, 418, '2020-06-10 15:05:00', '01:00:00'),
(1467, 419, '2020-06-23 18:05:00', '00:30:00'),
(1468, 420, '2020-06-17 17:05:00', '01:30:00'),
(1469, 424, '2020-06-16 17:05:00', '01:30:00'),
(1470, 425, '2020-06-29 16:05:00', '00:30:00'),
(1471, 426, '2020-06-14 16:05:00', '01:30:00'),
(1472, 427, '2020-06-08 18:05:00', '00:30:00'),
(1473, 428, '2020-06-10 16:05:00', '02:00:00'),
(1474, 430, '2020-06-28 18:05:00', '00:30:00'),
(1475, 431, '2020-06-27 14:05:00', '01:00:00'),
(1476, 432, '2020-06-09 14:05:00', '01:00:00'),
(1477, 433, '2020-06-13 19:05:00', '01:00:00'),
(1478, 435, '2020-06-27 19:05:00', '01:00:00'),
(1479, 436, '2020-06-14 18:05:00', '01:30:00'),
(1480, 437, '2020-06-14 19:05:00', '01:00:00'),
(1481, 438, '2020-06-02 17:05:00', '01:00:00'),
(1482, 439, '2020-06-28 16:05:00', '01:30:00'),
(1483, 442, '2020-06-14 17:05:00', '01:30:00'),
(1484, 443, '2020-06-14 19:05:00', '00:30:00'),
(1485, 444, '2020-06-30 14:05:00', '01:00:00'),
(1486, 445, '2020-06-27 18:05:00', '02:00:00'),
(1487, 446, '2020-06-04 14:05:00', '02:00:00'),
(1488, 447, '2020-06-16 19:05:00', '02:00:00'),
(1489, 448, '2020-06-22 14:05:00', '02:00:00'),
(1490, 449, '2020-06-25 16:05:00', '01:30:00'),
(1491, 452, '2020-06-25 19:05:00', '00:30:00'),
(1492, 453, '2020-06-15 19:05:00', '01:00:00'),
(1493, 456, '2020-06-24 15:05:00', '01:00:00'),
(1494, 458, '2020-06-15 16:05:00', '02:00:00'),
(1495, 459, '2020-06-17 18:05:00', '01:30:00'),
(1496, 460, '2020-06-12 18:05:00', '02:00:00'),
(1497, 463, '2020-06-25 14:05:00', '02:00:00'),
(1498, 464, '2020-06-07 19:05:00', '01:30:00'),
(1499, 465, '2020-06-16 18:05:00', '01:30:00'),
(1500, 467, '2020-06-29 15:05:00', '00:30:00'),
(1501, 468, '2020-06-19 18:05:00', '01:30:00'),
(1502, 470, '2020-06-26 19:05:00', '02:00:00'),
(1503, 471, '2020-06-11 16:05:00', '01:00:00'),
(1504, 472, '2020-06-17 14:05:00', '01:30:00'),
(1505, 473, '2020-06-04 17:05:00', '01:30:00'),
(1506, 474, '2020-06-26 18:05:00', '02:00:00'),
(1507, 475, '2020-06-06 14:05:00', '02:00:00'),
(1508, 477, '2020-06-30 17:05:00', '02:00:00'),
(1509, 478, '2020-06-07 16:05:00', '00:30:00'),
(1510, 479, '2020-06-18 14:05:00', '01:00:00'),
(1511, 480, '2020-06-26 15:05:00', '01:00:00'),
(1512, 481, '2020-06-05 17:05:00', '02:00:00'),
(1513, 482, '2020-06-03 16:05:00', '01:00:00'),
(1514, 485, '2020-06-14 18:05:00', '00:30:00'),
(1515, 486, '2020-06-07 16:05:00', '01:30:00'),
(1516, 488, '2020-06-11 18:05:00', '02:00:00'),
(1517, 489, '2020-06-18 14:05:00', '02:00:00'),
(1518, 490, '2020-06-04 18:05:00', '00:30:00'),
(1519, 491, '2020-06-04 17:05:00', '00:30:00'),
(1520, 492, '2020-06-01 19:05:00', '00:30:00'),
(1521, 493, '2020-06-05 18:05:00', '02:00:00'),
(1522, 495, '2020-06-27 18:05:00', '01:30:00'),
(1523, 497, '2020-06-23 16:05:00', '02:00:00'),
(1524, 499, '2020-06-10 16:05:00', '00:30:00'),
(1525, 500, '2020-06-15 14:05:00', '01:30:00'),
(1526, 501, '2020-06-03 15:05:00', '00:30:00'),
(1527, 502, '2020-06-24 15:05:00', '01:00:00'),
(1528, 503, '2020-06-12 14:05:00', '01:00:00'),
(1529, 504, '2020-06-18 18:05:00', '01:00:00'),
(1530, 505, '2020-06-20 19:05:00', '00:30:00'),
(1531, 509, '2020-06-05 17:05:00', '01:30:00'),
(1532, 510, '2020-06-23 14:05:00', '02:00:00'),
(1533, 511, '2020-06-02 19:05:00', '00:30:00'),
(1534, 512, '2020-06-17 15:05:00', '02:00:00'),
(1535, 513, '2020-06-15 17:05:00', '00:30:00'),
(1536, 515, '2020-06-24 14:05:00', '02:00:00'),
(1537, 517, '2020-06-24 16:05:00', '01:30:00'),
(1538, 518, '2020-06-21 14:05:00', '02:00:00'),
(1539, 519, '2020-06-10 14:05:00', '01:00:00'),
(1540, 520, '2020-06-09 16:05:00', '01:00:00'),
(1541, 523, '2020-06-14 18:05:00', '01:00:00'),
(1542, 527, '2020-06-08 19:05:00', '00:30:00'),
(1543, 529, '2020-06-06 15:05:00', '01:00:00'),
(1544, 530, '2020-06-27 18:05:00', '01:30:00'),
(1545, 531, '2020-06-28 16:05:00', '00:30:00'),
(1546, 532, '2020-06-15 19:05:00', '02:00:00'),
(1547, 534, '2020-06-17 16:05:00', '01:30:00'),
(1548, 536, '2020-06-13 17:05:00', '01:00:00'),
(1549, 537, '2020-06-21 18:05:00', '02:00:00'),
(1550, 538, '2020-06-10 19:05:00', '01:30:00'),
(1551, 539, '2020-06-22 17:05:00', '02:00:00'),
(1552, 541, '2020-06-01 19:05:00', '00:30:00'),
(1553, 543, '2020-06-13 19:05:00', '01:00:00'),
(1554, 546, '2020-06-12 17:05:00', '01:30:00'),
(1555, 547, '2020-06-22 16:05:00', '00:30:00'),
(1556, 551, '2020-06-23 19:05:00', '00:30:00'),
(1557, 552, '2020-06-07 14:05:00', '00:30:00'),
(1558, 555, '2020-06-14 15:05:00', '00:30:00'),
(1559, 557, '2020-06-10 17:05:00', '01:30:00'),
(1560, 558, '2020-06-07 15:05:00', '01:30:00'),
(1561, 559, '2020-06-29 18:05:00', '00:30:00'),
(1562, 562, '2020-06-11 17:05:00', '00:30:00'),
(1563, 564, '2020-06-05 15:05:00', '01:00:00'),
(1564, 569, '2020-06-11 16:05:00', '00:30:00'),
(1565, 572, '2020-06-02 19:05:00', '02:00:00'),
(1566, 573, '2020-06-11 17:05:00', '02:00:00'),
(1567, 575, '2020-06-01 16:05:00', '02:00:00'),
(1568, 576, '2020-06-20 15:05:00', '02:00:00'),
(1569, 577, '2020-06-03 19:05:00', '01:00:00'),
(1570, 578, '2020-06-11 15:05:00', '02:00:00'),
(1571, 579, '2020-06-26 16:05:00', '01:30:00'),
(1572, 580, '2020-06-20 18:05:00', '00:30:00'),
(1573, 581, '2020-06-10 14:05:00', '02:00:00'),
(1574, 582, '2020-06-20 19:05:00', '02:00:00'),
(1575, 584, '2020-06-09 18:05:00', '02:00:00'),
(1576, 585, '2020-06-11 14:05:00', '01:30:00'),
(1577, 587, '2020-06-26 17:05:00', '00:30:00'),
(1578, 588, '2020-06-29 17:05:00', '00:30:00'),
(1579, 589, '2020-06-30 19:05:00', '02:00:00'),
(1580, 590, '2020-06-03 18:05:00', '01:30:00'),
(1581, 591, '2020-06-07 14:05:00', '01:30:00'),
(1582, 593, '2020-06-29 16:05:00', '01:30:00'),
(1583, 594, '2020-06-02 14:05:00', '00:30:00'),
(1584, 595, '2020-06-08 17:05:00', '02:00:00'),
(1585, 598, '2020-06-14 14:05:00', '01:30:00'),
(1586, 599, '2020-06-27 19:05:00', '00:30:00'),
(1587, 600, '2020-06-07 16:05:00', '02:00:00'),
(1588, 601, '2020-06-20 16:05:00', '01:00:00'),
(1589, 602, '2020-06-28 18:05:00', '02:00:00'),
(1590, 603, '2020-06-06 17:05:00', '01:30:00'),
(1591, 604, '2020-06-10 19:05:00', '02:00:00'),
(1592, 606, '2020-06-06 18:05:00', '01:00:00'),
(1593, 607, '2020-06-23 14:05:00', '01:00:00');

-- --------------------------------------------------------

--
-- Структура таблицы `groups`
--

CREATE TABLE `groups` (
  `id` int NOT NULL,
  `name` tinytext NOT NULL,
  `code` tinytext
) ENGINE=InnoDB DEFAULT CHARSET=utf8;

--
-- Дамп данных таблицы `groups`
--

INSERT INTO `groups` (`id`, `name`, `code`) VALUES
(1, 'ИС-21', '09.02.04'),
(2, 'ФИН-11', '09.02.04'),
(3, 'ТД-21', '09.02.04'),
(4, 'ЭМ-21', '09.02.04'),
(5, 'ЮС-21', '09.02.04'),
(6, 'БАС-21', '09.02.04'),
(7, 'КСИК-21', '09.02.04'),
(8, 'ИС-31', '09.02.04'),
(9, 'КСИК-31', '09.02.04'),
(10, 'БАС-31', '09.02.04'),
(11, 'ЮС-32', '09.02.04'),
(12, 'ЮС-31', '09.02.04'),
(13, 'ТД-31', '09.02.04'),
(14, 'ЭМ-31', '09.02.04'),
(15, 'ИС-41', '09.02.04'),
(16, 'ИС-42', '09.02.04'),
(17, 'КСИК-41', '09.02.04'),
(18, 'КСИК-42', '09.02.04'),
(19, 'БАС-41', '09.02.04'),
(20, 'ЮС-41', '09.02.04'),
(21, 'ИС-11', '09.02.04'),
(22, 'КСИК-11', '09.02.04'),
(23, 'КСИК-12', '09.02.04'),
(24, 'КСИК-22', '09.02.04'),
(25, 'КСИК-32', '09.02.04'),
(26, 'ТД-11', '09.02.04'),
(27, 'БАС-11', '09.02.04'),
(28, 'ЮС-11', '09.02.04'),
(29, 'ИС-12', '09.02.04'),
(30, 'ИС-22', '09.02.04'),
(31, 'ИС-32', '09.02.04'),
(32, 'ИСИП-11', '09.02.04'),
(33, 'ИСИП-21', '09.02.04'),
(34, 'ИСИП-31', '09.02.04'),
(35, 'ИСИП-41', '09.02.04'),
(36, 'ИСИП-51', '09.02.04'),
(37, 'ЮС-42', '09.02.04'),
(38, 'ЮС-22', '09.02.04'),
(39, 'ЮС-12', '09.02.04');

-- --------------------------------------------------------

--
-- Структура таблицы `otdelenie`
--

CREATE TABLE `otdelenie` (
  `id` int NOT NULL,
  `nazvanie` tinytext NOT NULL
) ENGINE=InnoDB DEFAULT CHARSET=utf8;

-- --------------------------------------------------------

--
-- Структура таблицы `otdelgroups`
--

CREATE TABLE `otdelgroups` (
  `id` int NOT NULL,
  `id_otdel` int NOT NULL,
  `id_groups` int NOT NULL
) ENGINE=InnoDB DEFAULT CHARSET=utf8;

-- --------------------------------------------------------

--
-- Структура таблицы `pars`
--

CREATE TABLE `pars` (
  `id` int NOT NULL,
  `parname` tinytext NOT NULL
) ENGINE=InnoDB DEFAULT CHARSET=utf8;

--
-- Дамп данных таблицы `pars`
--

INSERT INTO `pars` (`id`, `parname`) VALUES
(1, 'Правовое Обеспечение'),
(2, 'Бухучёт'),
(3, 'Деревообработка'),
(4, 'Видеомонтаж'),
(5, 'МДК 01.01'),
(6, 'Информатика'),
(7, 'Математика'),
(8, 'Русский язык'),
(9, 'Литература'),
(10, 'Культура речи'),
(11, 'МДК 02.03'),
(12, 'Алгоритмизация'),
(13, 'Технология деревообработки'),
(14, 'Английский язык'),
(15, 'БЖД'),
(16, 'ОБЖ'),
(17, 'ОС и среды'),
(18, 'Теория вероятности'),
(19, 'История'),
(20, 'География'),
(21, 'Биология'),
(22, 'Экология'),
(23, 'Информационные системы'),
(24, 'Финансовая грамотность'),
(25, 'Автоматизация'),
(26, 'Робототехника'),
(27, 'Нейросети'),
(28, 'Японский язык'),
(29, 'Культура речи'),
(30, 'Физика'),
(31, 'Химия'),
(32, 'Искуствоведение'),
(33, 'Астрономия');

-- --------------------------------------------------------

--
-- Структура таблицы `prepod`
--

CREATE TABLE `prepod` (
  `id` int NOT NULL,
  `name` tinytext NOT NULL,
  `lastname` tinytext NOT NULL,
  `otchestvo` tinytext
) ENGINE=InnoDB DEFAULT CHARSET=utf8;

--
-- Дамп данных таблицы `prepod`
--

INSERT INTO `prepod` (`id`, `name`, `lastname`, `otchestvo`) VALUES
(7, 'Лада', 'Сапалёва', 'Анатолиевна'),
(8, 'Элеонора', 'Щурова', 'Карповна'),
(9, 'Регина', 'Сильвестрова', 'Феликсовна'),
(10, 'Инесса', 'Коржаева', 'Виталиевна'),
(11, 'Марианна', 'Бояринова', 'Феликсовна'),
(12, 'Мария', 'Ефремовича', 'Родионовна'),
(13, 'Регина', 'Убейсобакина', 'Давидовна'),
(14, 'Всеслава', 'Бершова', 'Брониславовна'),
(15, 'Татьяна', 'Кирилова', 'Романовна'),
(16, 'Инесса', 'Сочеванова', 'Иларионовна'),
(17, 'Анастасия', 'Большова', 'Павеловна'),
(18, 'Антонина', 'Пашина', 'Серафимовна'),
(19, 'Наталия', 'Герасимова', 'Семеновна'),
(20, 'Лариса', 'Гриневеца', 'Романовна'),
(21, 'Антонина', 'Аниканова', 'Емельяновна'),
(22, 'Агния', 'Дворникова', 'Тимуровна'),
(23, 'Лада', 'Халипова', 'Трофимовна'),
(24, 'Алиса', 'Яковеца', 'Феликсовна'),
(25, 'Татьяна', 'Охрема', 'Ефимовна'),
(26, 'Зоя', 'Кружкова', 'Елисеевна'),
(27, 'Альбина', 'Корнева', 'Афанасиевна'),
(28, 'Лиана', 'Казнова', 'Данииловна'),
(29, 'Оксана', 'Ивлева', 'Евгениевна'),
(30, 'Анастасия', 'Саврасова', 'Антониновна'),
(31, 'Каролина', 'Чюличкова', 'Филипповна'),
(32, 'Виктория', 'Тамаркина', 'Тимофеевна'),
(33, 'Ангелина', 'Шубина', 'Давидовна'),
(34, 'Лиана', 'Капитонова', 'Ефимовна'),
(35, 'Светлана', 'Таначёва', 'Иларионовна'),
(36, 'Юлия', 'Шурша', 'Борисовна'),
(37, 'Дина', 'Есаулова', 'Данилевна'),
(38, 'Эмилия', 'Сязи', 'Антониновна'),
(39, 'Ксения', 'Муханова', 'Филипповна'),
(40, 'Ольга', 'Манторова', 'Семеновна'),
(41, 'Римма', 'Веселова', 'Владиленовна'),
(42, 'Полина', 'Паршина', 'Филипповна'),
(43, 'Агния', 'Бальсунова', 'Николаевна'),
(44, 'Вероника', 'Болокана', 'Владленовна'),
(45, 'Софья', 'Зиновьева', 'Федоровна'),
(46, 'Майя', 'Кондакова', 'Иларионовна'),
(47, 'Агния', 'Шамякина', 'Федоровна'),
(48, 'Яна', 'Оспищева', 'Кузьмевна'),
(49, 'Раиса', 'Баязова', 'Антониновна'),
(50, 'Злата', 'Коржаева', 'Станиславовна'),
(51, 'Ольга', 'Бабикова', 'Карповна'),
(52, 'Эвелина', 'Битнера', 'Алексеевна'),
(53, 'Зоя', 'Дуркина', 'Владиленовна'),
(54, 'Лилия', 'Ягафарова', 'Якововна'),
(55, 'Майя', 'Балина', 'Елизаровна'),
(56, 'Эвелина', 'Сенькина', 'Анатолиевна'),
(57, 'Екатерина', 'Комзина', 'Филипповна'),
(58, 'Римма', 'Абрамовича', 'Иларионовна'),
(59, 'Рената', 'Беляева', 'Ираклиевна'),
(60, 'Валентина', 'Шепелева', 'Тимуровна'),
(61, 'Эмилия', 'Зимнякова', 'Мироновна'),
(62, 'Злата', 'Ануфриева', 'Вячеславовна'),
(63, 'Маргарита', 'Фомичёва', 'Ильевна'),
(64, 'Эвелина', 'Рыжова', 'Леонидовна'),
(65, 'Юлия', 'Лелуха', 'Василиевна'),
(66, 'Лидия', 'Дульцева', 'Романовна'),
(67, 'Екатерина', 'Ягодина', 'Серафимовна'),
(68, 'Алла', 'Кризько', 'Афанасиевна'),
(69, 'Маргарита', 'Любова', 'Алексеевна'),
(70, 'Кристина', 'Гаврюшина', 'Ильевна'),
(71, 'Варвара', 'Калинина', 'Алексеевна'),
(72, 'Ника', 'Эскина', 'Брониславовна'),
(73, 'Галина', 'Яцкова', 'Тихоновна'),
(74, 'Людмила', 'Шабунина', 'Владленовна'),
(75, 'Яна', 'Погребной', 'Владленовна'),
(76, 'Ольга', 'Трунина', 'Ивановна'),
(77, 'Ефросинья', 'Милюкова', 'Федоровна'),
(78, 'Софья', 'Сычёва', 'Степановна'),
(79, 'Нина', 'Снаткина', 'Фомевна'),
(80, 'Кира', 'Климова', 'Игнатиевна'),
(81, 'Любава', 'Самошина', 'Якововна'),
(82, 'Антонина', 'Ягемана', 'Мефодиевна'),
(83, 'Нона', 'Цорна', 'Георгиевна'),
(84, 'Светлана', 'Занина', 'Геннадиевна'),
(85, 'Фаина', 'Соловаьева', 'Романовна'),
(86, 'Регина', 'Шишмарёва', 'Тимофеевна'),
(87, 'Ульяна', 'Апраксина', 'Тихоновна'),
(88, 'Кристина', 'Лопатина', 'Николаевна'),
(89, 'Ангелина', 'Дресвянина', 'Данииловна'),
(90, 'Алла', 'Старцева', 'Михеевна'),
(91, 'Вера', 'Набережнева', 'Мефодиевна'),
(92, 'Полина', 'Проскуркина', 'Вячеславовна'),
(93, 'Галина', 'Эссена', 'Якововна'),
(94, 'Оксана', 'Корнейчука', 'Виталиевна'),
(95, 'Инесса', 'Никольникова', 'Германовна'),
(96, 'Тамара', 'Михальченкова', 'Семеновна'),
(97, 'Антонина', 'Дудченко', 'Трофимовна'),
(98, 'Дина', 'Карпюка', 'Святославовна'),
(99, 'Дарья', 'Шестакова', 'Тихоновна'),
(100, 'Оксана', 'Нуряева', 'Георгиевна'),
(101, 'Рада', 'Шарова', 'Фомевна'),
(102, 'Анфиса', 'Колотушкина', 'Иосифовна'),
(103, 'Любава', 'Балунова', 'Емельяновна'),
(104, 'Вера', 'Штыкова', 'Глебовна'),
(105, 'Ульяна', 'Капица', 'Тимофеевна'),
(106, 'Регина', 'Лапухина', 'Андрияновна'),
(107, 'Валерия', 'Леонидовна', 'Лапухина'),
(108, 'Элеонора', 'Вельдина', 'Семеновна'),
(109, 'Лидия', 'Левковича', 'Ильевна'),
(110, 'Доминика', 'Балабанова', 'Борисовна'),
(111, 'Мирослава', 'Курсалина', 'Ильевна'),
(112, 'Эмма', 'Винокурова', 'Фомевна'),
(113, 'Эмилия', 'Игнатенко', 'Игнатиевна'),
(114, 'Изольда', 'Шатохина', 'Михеевна'),
(115, 'Юлия', 'Расторгуева', 'Степановна'),
(116, 'Доминика', 'Щеголева', 'Олеговна'),
(117, 'Екатерина', 'Борисова', 'Игнатиевна'),
(118, 'Арина', 'Желвакова', 'Евгениевна'),
(119, 'Инесса', 'Ратникова', 'Феликсовна'),
(120, 'Алла', 'Мирова', 'Степановна'),
(121, 'Эмилия', 'Кулатова', 'Святославовна'),
(122, 'Регина', 'Качусова', 'Мироновна'),
(123, 'Анфиса', 'Поникарова', 'Данилевна'),
(124, 'Раиса', 'Двойнева', 'Степановна'),
(125, 'Регина', 'Палванова', 'Захаровна'),
(126, 'Влада', 'Ямалетдинова', 'Всеволодовна'),
(127, 'Любава', 'Макарова', 'Геннадиевна'),
(128, 'Розалия', 'Черниенко', 'Иосифовна'),
(129, 'Людмила', 'Ермушина', 'Виталиевна'),
(130, 'Ангелина', 'Панфёрова', 'Владленовна'),
(131, 'Кристина', 'Поздова', 'Ильевна'),
(132, 'Владислава', 'Грекова', 'Брониславовна'),
(133, 'Александра', 'Ярилова', 'Феликсовна'),
(134, 'Юнона', 'Волкова', 'Несторовна'),
(135, 'Каролина', 'Клецка', 'Трофимовна'),
(136, 'Мария', 'Голышева', 'Тимуровна'),
(137, 'Любава', 'Дёмшина', 'Фомевна'),
(138, 'Владлена', 'Ныркова', 'Данииловна'),
(139, 'Ярослава', 'Кабаева', 'Афанасиевна'),
(140, 'Рада', 'Голодяева', 'Романовна'),
(141, 'Ефросиния', 'Цыганкова', 'Захаровна'),
(142, 'Дарья', 'Кропанина', 'Никитевна'),
(143, 'Агния', 'Мещерякова', 'Святославовна'),
(144, 'Эмма', 'Лобана', 'Федоровна'),
(145, 'Изольда', 'Енотина', 'Мефодиевна'),
(146, 'Вера', 'Осолодкина', 'Станиславовна'),
(147, 'Алла', 'Сапалёва', 'Тимофеевна'),
(148, 'Алла', 'Губанова', 'Потаповна'),
(149, 'Кристина', 'Хабибуллина', 'Афанасиевна'),
(150, 'Тамара', 'Коротченко', 'Данилевна'),
(151, 'Ангелина', 'Белоусова', 'Брониславовна'),
(152, 'Каролина', 'Богуна', 'Олеговна'),
(153, 'Екатерина', 'Яцкова', 'Алексеевна'),
(154, 'Любовь', 'Типалова', 'Вячеславовна'),
(155, 'Мария', 'Лагошина', 'Ивановна'),
(156, 'Марина', 'Лепёхина', 'Марковна'),
(157, 'Диана', 'Бояринова', 'Федоровна'),
(158, 'Оксана', 'Нечаева', 'Павеловна'),
(159, 'Таисия', 'Ямова', 'Серафимовна'),
(160, 'Кира', 'Романова', 'Петровна'),
(161, 'Евдокия', 'Щеголева', 'Афанасиевна'),
(162, 'Каролина', 'Малинина', 'Георгиевна'),
(163, 'Любовь', 'Талалина', 'Якововна'),
(164, 'Юлия', 'Чекина', 'Романовна'),
(165, 'Ираида', 'Негуторова', 'Тимофеевна'),
(166, 'Лариса', 'Одинцова', 'Анатолиевна'),
(167, 'Ольга', 'Рашета', 'Кузьмевна'),
(168, 'Эмма', 'Задкова', 'Иларионовна'),
(169, 'Мария', 'Кожевина', 'Германовна'),
(170, 'Зинаида', 'Глазкова', 'Никитевна'),
(171, 'Елизавета', 'Лебедева', 'Борисовна'),
(172, 'Ираида', 'Гуськова', 'Алексеевна'),
(173, 'Пелагея', 'Седова', 'Ростиславовна'),
(174, 'Наталья', 'Распутина', 'Мироновна'),
(175, 'Милена', 'Килина', 'Ираклиевна'),
(176, 'Виктория', 'Карандашова', 'Евгениевна'),
(177, 'Елизавета', 'Шентерякова', 'Семеновна'),
(178, 'Ева', 'Автухова', 'Василиевна'),
(179, 'Наталья', 'Ясевича', 'Феликсовна'),
(180, 'Ираида', 'Есенина', 'Евгениевна'),
(181, 'Ираида', 'Костина', 'Феликсовна'),
(182, 'Фаина', 'Мичуева', 'Ираклиевна'),
(183, 'Инесса', 'Лебедкова', 'Ипполитовна'),
(184, 'Лидия', 'Раскатова', 'Андрияновна'),
(185, 'Наталья', 'Ширманова', 'Мироновна'),
(186, 'Раиса', 'Шулёва', 'Емельяновна'),
(187, 'Эмма', 'Флёрова', 'Всеволодовна'),
(188, 'Кристина', 'Клокова', 'Захаровна'),
(189, 'Василиса', 'Бабина', 'Олеговна'),
(190, 'Евгения', 'Шлыкова', 'Мефодиевна'),
(191, 'Владлена', 'Бикулова', 'Елисеевна'),
(192, 'Валерия', 'Кярбера', 'Николаевна'),
(193, 'Владлена', 'Исмайлова', 'Борисовна'),
(194, 'Виктория', 'Фомичева', 'Кузьмевна'),
(195, 'Алла', 'Яковеца', 'Семеновна'),
(196, 'Оксана', 'Воликова', 'Глебовна'),
(197, 'Инесса', 'Чекина', 'Елисеевна'),
(198, 'Евгения', 'Насонова', 'Вячеславовна'),
(199, 'Эльвира', 'Другакова', 'Андрияновна'),
(200, 'Тамара', 'Истлентьева', 'Ивановна'),
(201, 'Марианна', 'Путина', 'Афанасиевна'),
(202, 'Татьяна', 'Головкина', 'Карповна'),
(203, 'Агафья', 'Бобра', 'Ираклиевна'),
(204, 'Мария', 'Щеголева', 'Андрияновна'),
(205, 'Эльвира', 'Кичеева', 'Елисеевна'),
(206, 'Арина', 'Тянникова', 'Мироновна'),
(207, 'Мария', 'Должикова', 'Родионовна'),
(208, 'Римма', 'Ярощука', 'Станиславовна'),
(209, 'Ульяна', 'Страхова', 'Фомевна'),
(210, 'Ольга', 'Кваскова', 'Михеевна'),
(211, 'Арина', 'Брежнева', 'Виталиевна'),
(212, 'Агния', 'Сай', 'Игнатиевна'),
(213, 'Наталья', 'Челомеева', 'Федотовна'),
(214, 'Мария', 'Соломинцева', 'Михеевна'),
(215, 'Вероника', 'Лютенкова', 'Владиленовна'),
(216, 'Владислава', 'Дубровина', 'Елисеевна'),
(217, 'Эмилия', 'Калугина', 'Феликсовна'),
(218, 'Василиса', 'Топоркова', 'Карповна'),
(219, 'Раиса', 'Нарыкова', 'Давидовна'),
(220, 'Инна', 'Нечаева', 'Антониновна'),
(221, 'Ксения', 'Рубашкина', 'Геннадиевна'),
(222, 'Ирина', 'Лашманова', 'Александровна'),
(223, 'Кристина', 'Коврова', 'Игнатиевна'),
(224, 'Зоя', 'Мартьянова', 'Ростиславовна'),
(225, 'Ольга', 'Ижутина', 'Тимофеевна'),
(226, 'Мирослава', 'Лимонова', 'Антониновна'),
(227, 'Доминика', 'Летавина', 'Владленовна'),
(228, 'Алиса', 'Кузиева', 'Несторовна'),
(229, 'Фаина', 'Глоба', 'Александровна'),
(230, 'Александра', 'Можаева', 'Карповна'),
(231, 'Владлена', 'Гавриленкова', 'Ильевна'),
(232, 'Полина', 'Безродный', 'Тихоновна'),
(233, 'Эмма', 'Калагина', 'Марковна'),
(234, 'Ефросинья', 'Талызина', 'Мироновна'),
(235, 'Ефросиния', 'Апраксина', 'Мироновна'),
(236, 'Валентина', 'Осинова', 'Петровна'),
(237, 'Мирослава', 'Лыкова', 'Ираклиевна'),
(238, 'Жанна', 'Завражный', 'Давидовна'),
(239, 'Василиса', 'Тетерина', 'Глебовна'),
(240, 'Алиса', 'Райкова', 'Георгиевна'),
(241, 'Всеслава', 'Шентерякова', 'Никитевна'),
(242, 'Лада', 'Челпанова', 'Андрияновна'),
(243, 'Валерия', 'Тукай', 'Георгиевна'),
(244, 'Роза', 'Гуськова', 'Ипполитовна'),
(245, 'Марфа', 'Ерзова', 'Николаевна'),
(246, 'Влада', 'Поливанова', 'Андрияновна'),
(247, 'Ариадна', 'Волкова', 'Германовна'),
(248, 'Юнона', 'Веретёнова', 'Игнатиевна'),
(249, 'Елена', 'Елешева', 'Мироновна'),
(250, 'Диана', 'Шипеева', 'Германовна'),
(251, 'Софья', 'Феднова', 'Станиславовна'),
(252, 'Лиана', 'Жичкина', 'Филипповна'),
(253, 'Роза', 'Овчинникова', 'Марковна'),
(254, 'Раиса', 'Сушилова', 'Федотовна'),
(255, 'Лиана', 'Энгельгардта', 'Мироновна'),
(256, 'Нина', 'Еркулаева', 'Иларионовна'),
(257, 'Кира', 'Уржумцева', 'Афанасиевна'),
(258, 'Арина', 'Кириченко', 'Игнатиевна'),
(259, 'Христина', 'Теребова', 'Павеловна'),
(260, 'Светлана', 'Ягода', 'Тихоновна'),
(261, 'Владлена', 'Шипицына', 'Федоровна'),
(262, 'Раиса', 'Аксенчука', 'Романовна'),
(263, 'Екатерина', 'Салькова', 'Тихоновна'),
(264, 'Ярослава', 'Плюхина', 'Никитевна'),
(265, 'Лиана', 'Зубока', 'Кузьмевна'),
(266, 'Берта', 'Безукладникова', 'Геннадиевна'),
(267, 'Тамара', 'Целобанова', 'Кузьмевна'),
(268, 'Василиса', 'Лагутова', 'Федотовна'),
(269, 'Ксения', 'Буклина', 'Данииловна'),
(270, 'Екатерина', 'Ярыкина', 'Игоревна'),
(271, 'Таисия', 'Царско', 'Афанасиевна'),
(272, 'Лариса', 'Шаломенцева', 'Марковна'),
(273, 'Оксана', 'Капралова', 'Глебовна'),
(274, 'Арина', 'Лоскутова', 'Степановна'),
(275, 'Юлия', 'Шаврина', 'Германовна'),
(276, 'Кристина', 'Вельяминова', 'Евгениевна'),
(277, 'Наталия', 'Рябова', 'Захаровна'),
(278, 'Наталия', 'Сочеванова', 'Леонидовна'),
(279, 'Эмилия', 'Чудова', 'Филипповна'),
(280, 'Зоя', 'Игнатенко', 'Яновна'),
(281, 'Ариадна', 'Ивазова', 'Виталиевна'),
(282, 'Фаина', 'Цуканова', 'Евгениевна'),
(283, 'Римма', 'Лысова', 'Ильевна'),
(284, 'Альбина', 'Яндарбиева', 'Юлиевна'),
(285, 'Марфа', 'Буриличева', 'Елизаровна'),
(286, 'Зинаида', 'Сиянко', 'Антониновна'),
(287, 'Валерия', 'Аникина', 'Всеволодовна'),
(288, 'Евгения', 'Климцова', 'Олеговна'),
(289, 'Эмма', 'Вергунова', 'Трофимовна'),
(290, 'Алина', 'Бальсунова', 'Данилевна'),
(291, 'Алиса', 'Снеткова', 'Елисеевна'),
(292, 'Ярослава', 'Юренева', 'Ефимовна'),
(293, 'Эмма', 'Коромыслова', 'Потаповна'),
(294, 'Екатерина', 'Драчёва', 'Карповна'),
(295, 'Изольда', 'Смолянинова', 'Ефимовна'),
(296, 'Галина', 'Огаркова', 'Брониславовна'),
(297, 'Наталия', 'Тюрина', 'Никитевна'),
(298, 'Оксана', 'Шепелева', 'Юлиевна'),
(299, 'Светлана', 'Абдулова', 'Игоревна'),
(300, 'Роза', 'Двойнева', 'Георгиевна'),
(301, 'Ангелина', 'Бобра', 'Василиевна'),
(302, 'Агния', 'Набиуллина', 'Несторовна'),
(303, 'Ника', 'Бухарова', 'Евгениевна'),
(304, 'Лиана', 'Грибоедова', 'Ипполитовна'),
(305, 'Ярослава', 'Бершова', 'Данииловна'),
(306, 'Фаина', 'Шеркова', 'Федотовна'),
(307, 'Фаина', 'Комракова', 'Константиновна'),
(308, 'Агния', 'Агафонова', 'Иларионовна'),
(309, 'Наталья', 'Марьина', 'Михеевна'),
(310, 'Татьяна', 'Державина', 'Виталиевна'),
(311, 'Клара', 'Русанова', 'Тимуровна'),
(312, 'Екатерина', 'Штыкова', 'Ираклиевна'),
(313, 'Изольда', 'Мажулина', 'Данилевна'),
(314, '﻿Агата', 'Лаптева', 'Марковна'),
(315, 'Юнона', 'Ширяева', 'Потаповна'),
(316, 'Ольга', 'Эсце', 'Владиленовна'),
(317, 'Римма', 'Дресвянина', 'Владленовна'),
(318, 'Евдокия', 'Бока', 'Геннадиевна'),
(319, 'Виктория', 'Санькова', 'Якововна'),
(320, 'Ярослава', 'Папанова', 'Иосифовна'),
(321, 'Эвелина', 'Ярыкина', 'Александровна'),
(322, 'Марианна', 'Языкина', 'Германовна'),
(323, 'Эвелина', 'Карамзина', 'Казимировна'),
(324, 'Инга', 'Кулика', 'Василиевна'),
(325, 'Анфиса', 'Сиянко', 'Юлиевна'),
(326, 'Эмилия', 'Кузубова', 'Леонидовна'),
(327, 'Инесса', 'Гаврюшина', 'Андрияновна'),
(328, 'Стела', 'Кутякова', 'Феликсовна'),
(329, 'Эльвира', 'Радостина', 'Яновна'),
(330, 'Роза', 'Макаркина', 'Казимировна'),
(331, 'Светлана', 'Суханова', 'Игоревна'),
(332, 'Инна', 'Агеева', 'Феликсовна'),
(333, 'Элеонора', 'Белкина', 'Андрияновна'),
(334, 'Нина', 'Эйлера', 'Борисовна'),
(335, 'Ксения', 'Монакова', 'Емельяновна'),
(336, 'Раиса', 'Папенина', 'Яновна'),
(337, 'Берта', 'Турова', 'Олеговна'),
(338, 'Оксана', 'Лялюшкина', 'Родионовна'),
(339, 'Мирослава', 'Добрынина', 'Виталиевна'),
(340, 'Злата', 'Агеева', 'Ипполитовна'),
(341, 'Зоя', 'Ювелева', 'Несторовна'),
(342, 'Эльвира', 'Бореева', 'Вячеславовна'),
(343, 'Любовь', 'Казнова', 'Несторовна'),
(344, 'Дарья', 'Эмскиха', 'Ильевна'),
(345, 'Ксения', 'Кахадзе', 'Тимуровна'),
(346, 'Стела', 'Ерофеева', 'Трофимовна'),
(347, 'Роза', 'Торопова', 'Серафимовна'),
(348, 'Варвара', 'Палванова', 'Фомевна'),
(349, 'Дина', 'Яблочкина', 'Павеловна'),
(350, 'Рада', 'Утёсова', 'Кузьмевна'),
(351, 'Милена', 'Чичерина', 'Александровна'),
(352, 'Лилия', 'Елагина', 'Святославовна'),
(353, 'Юнона', 'Негуторова', 'Захаровна'),
(354, 'Влада', 'Санькова', 'Тихоновна'),
(355, 'Мария', 'Любова', 'Тимофеевна'),
(356, 'Бронислава', 'Казанькова', 'Олеговна'),
(357, 'Лиана', 'Кризько', 'Алексеевна'),
(358, 'Ева', 'Флёрова', 'Данилевна'),
(359, 'Фаина', 'Горшкова', 'Филипповна'),
(360, 'Инесса', 'Грибкова', 'Евгениевна'),
(361, 'Любовь', 'Буркова', 'Филипповна'),
(362, 'Ярослава', 'Кожедуба', 'Станиславовна'),
(363, 'Марианна', 'Смолянинова', 'Мефодиевна'),
(364, 'Лада', 'Валиева', 'Елисеевна'),
(365, 'Роза', 'Еськова', 'Ростиславовна'),
(366, 'Лилия', 'Ямлиханова', 'Ираклиевна'),
(367, 'Лидия', 'Шишмарёва', 'Никитевна'),
(368, 'Ефросиния', 'Акулова', 'Давидовна'),
(369, 'Бронислава', 'Сайбаталова', 'Ивановна'),
(370, 'Жанна', 'Язькова', 'Никитевна'),
(371, 'Полина', 'Кулакова', 'Георгиевна'),
(372, 'Василиса', 'Терехова', 'Якововна'),
(373, 'Наталия', 'Дагина', 'Мироновна'),
(374, 'Ксения', 'Грибалева', 'Андрияновна'),
(375, 'Пелагея', 'Ковтунова', 'Германовна'),
(376, 'Оксана', 'Терехова', 'Тимофеевна'),
(377, 'Мария', 'Ярощука', 'Семеновна'),
(378, 'Анастасия', 'Кручинкина', 'Василиевна'),
(379, 'Владислава', 'Комолова', 'Игнатиевна'),
(380, 'Милена', 'Друганина', 'Несторовна'),
(381, 'Инга', 'Ячменькова', 'Андрияновна'),
(382, 'Наталья', 'Яхаева', 'Тихоновна'),
(383, 'Ева', 'Эльмпта', 'Тимуровна'),
(384, 'Ксения', 'Вагина', 'Брониславовна'),
(385, 'Инга', 'Шабалина', 'Германовна'),
(386, 'Стела', 'Изюмова', 'Несторовна'),
(387, 'Нона', 'Гавриленкова', 'Николаевна'),
(388, 'Элеонора', 'Усилова', 'Елисеевна'),
(389, 'Стела', 'Зуйкова', 'Борисовна'),
(390, 'Кира', 'Осинова', 'Фомевна'),
(391, 'Бронислава', 'Кондюрина', 'Иосифовна'),
(392, 'Каролина', 'Любова', 'Ивановна'),
(393, 'Ангелина', 'Мутовина', 'Алексеевна'),
(394, 'Анастасия', 'Гусарова', 'Трофимовна'),
(395, 'Евгения', 'Еськова', 'Борисовна'),
(396, 'Любава', 'Цельнера', 'Кузьмевна'),
(397, 'Елена', 'Хрущёва', 'Ивановна'),
(398, 'Влада', 'Ягофарова', 'Георгиевна'),
(399, 'Пелагея', 'Дворникова', 'Святославовна'),
(400, 'Ариадна', 'Черникова', 'Серафимовна'),
(401, 'Дарья', 'Барышникова', 'Иосифовна'),
(402, 'Ираида', 'Нямина', 'Афанасиевна'),
(403, 'Любава', 'Копейкина', 'Владиленовна'),
(404, 'Антонина', 'Шаломенцева', 'Анатолиевна'),
(405, 'Алина', 'Рябкина', 'Ростиславовна'),
(406, 'Мария', 'Хесмана', 'Никитевна'),
(407, 'Марианна', 'Драчёва', 'Мефодиевна'),
(408, 'Лидия', 'Жиленкова', 'Ростиславовна'),
(409, 'Римма', 'Смагина', 'Виталиевна'),
(410, 'Каролина', 'Зёмина', 'Николаевна'),
(411, 'Кристина', 'Ковшутина', 'Романовна'),
(412, 'Яна', 'Меркушева', 'Ильевна'),
(413, 'Ариадна', 'Шимякина', 'Всеволодовна'),
(414, 'Кристина', 'Ямщикова', 'Семеновна'),
(415, 'Рената', 'Ткаченко', 'Потаповна'),
(416, 'Елизавета', 'Кайназарова', 'Алексеевна'),
(417, 'Каролина', 'Снаткина', 'Иларионовна'),
(418, 'Дарья', 'Тальдаева', 'Елизаровна'),
(419, 'Всеслава', 'Шурдука', 'Тихоновна'),
(420, 'Каролина', 'Горностаева', 'Елизаровна'),
(421, 'Доминика', 'Громова', 'Георгиевна'),
(422, 'Эмилия', 'Миронова', 'Давидовна'),
(423, 'Дарья', 'Ершова', 'Давидовна'),
(424, 'Бронислава', 'Ухова', 'Александровна'),
(425, 'Лиана', 'Чайка', 'Виталиевна'),
(426, '﻿Агата', 'Суслякова', 'Михеевна'),
(427, 'Клара', 'Сенькина', 'Ипполитовна'),
(428, 'Маргарита', 'Лагошина', 'Ипполитовна'),
(429, 'Арина', 'Ануфриева', 'Никитевна'),
(430, 'Ангелина', 'Гершельмана', 'Афанасиевна'),
(431, 'Оксана', 'Ханыкова', 'Андрияновна'),
(432, 'Владислава', 'Мартьянова', 'Василиевна'),
(433, 'Рада', 'Щербинина', 'Семеновна'),
(434, 'Влада', 'Барышева', 'Алексеевна'),
(435, 'Диана', 'Ковпака', 'Петровна'),
(436, 'Лидия', 'Коломийцева', 'Емельяновна'),
(437, 'Дарья', 'Астрединова', 'Святославовна'),
(438, 'Берта', 'Топоркова', 'Вячеславовна'),
(439, 'Жанна', 'Колобова', 'Семеновна'),
(440, 'Регина', 'Фламина', 'Иларионовна'),
(441, 'Альбина', 'Федорова', 'Ивановна'),
(442, 'Ольга', 'Гуслякова', 'Несторовна'),
(443, 'Вера', 'Уманова', 'Борисовна'),
(444, 'Стела', 'Щепкина', 'Павеловна'),
(445, 'Зоя', 'Васильева', 'Ростиславовна'),
(446, 'Александра', 'Бойкова', 'Якововна'),
(447, 'Марина', 'Добронравова', 'Николаевна'),
(448, 'Розалия', 'Дорофеева', 'Геннадиевна'),
(449, 'Галина', 'Малышева', 'Антониновна'),
(450, 'Агафья', 'Труфанова', 'Тихоновна'),
(451, 'Татьяна', 'Яхимовича', 'Виталиевна'),
(452, 'Наталья', 'Иванова', 'Романовна'),
(453, 'Юлия', 'Турчанинова', 'Никитевна'),
(454, 'Эмилия', 'Сиянскиха', 'Святославовна'),
(455, 'Розалия', 'Соболева', 'Анатолиевна'),
(456, 'Нона', 'Кэбина', 'Потаповна'),
(457, 'Ольга', 'Бурякова', 'Романовна'),
(458, 'Ольга', 'Ильюшина', 'Данииловна'),
(459, 'Альбина', 'Коромыслова', 'Ростиславовна'),
(460, 'Анфиса', 'Науменко', 'Владиленовна'),
(461, 'Злата', 'Абалышева', 'Степановна'),
(462, 'Марфа', 'Пирожкова', 'Ивановна'),
(463, 'Инга', 'Мозговой', 'Серафимовна'),
(464, 'Полина', 'Мартьянова', 'Феликсовна'),
(465, 'Эльвира', 'Пустохина', 'Василиевна'),
(466, 'Клара', 'Дьякова', 'Ивановна'),
(467, 'Христина', 'Киприянова', 'Михеевна'),
(468, 'Марфа', 'Нилова', 'Николаевна'),
(469, 'Ксения', 'Янчурова', 'Карповна'),
(470, 'Эвелина', 'Юрьева', 'Филипповна'),
(471, 'Любовь', 'Яна', 'Кузьмевна'),
(472, 'Дарья', 'Есипова', 'Игнатиевна'),
(473, 'Ксения', 'Репина', 'Семеновна'),
(474, 'Ангелина', 'Пьянкова', 'Захаровна'),
(475, 'Тамара', 'Блаженова', 'Павеловна'),
(476, 'Регина', 'Проскура', 'Никитевна'),
(477, 'Евдокия', 'Косорукова', 'Святославовна'),
(478, 'Лилия', 'Кудайбергенова', 'Елизаровна'),
(479, 'Юнона', 'Гребнева', 'Тимофеевна'),
(480, 'Всеслава', 'Ковалёва', 'Михеевна'),
(481, 'Ольга', 'Мандрыка', 'Игнатиевна'),
(482, 'Антонина', 'Шапиро', 'Тимофеевна'),
(483, '﻿Агата', 'Большакова', 'Всеволодовна'),
(484, 'Полина', 'Яблочкова', 'Филипповна'),
(485, 'Агафья', 'Эмскиха', 'Федотовна'),
(486, 'Христина', 'Рубцова', 'Семеновна'),
(487, 'Василиса', 'Махнера', 'Олеговна'),
(488, 'Ефросинья', 'Кудайбергенова', 'Алексеевна'),
(489, 'Инна', 'Михальченкова', 'Ефимовна'),
(490, 'Татьяна', 'Никифорова', 'Карповна'),
(491, 'Доминика', 'Фомичёва', 'Захаровна'),
(492, 'Жанна', 'Нырцева', 'Георгиевна'),
(493, 'Кира', 'Верясова', 'Вячеславовна'),
(494, 'Екатерина', 'Снеткова', 'Евгениевна'),
(495, 'Влада', 'Арданкина', 'Леонидовна'),
(496, 'Жанна', 'Качурина', 'Тимуровна'),
(497, 'Каролина', 'Полторака', 'Евгениевна'),
(498, 'Александра', 'Чуркина', 'Святославовна'),
(499, 'Римма', 'Рассказова', 'Константиновна'),
(500, 'Эмилия', 'Званцева', 'Брониславовна'),
(501, 'Инесса', 'Борева', 'Ивановна'),
(502, 'Жанна', 'Блохина', 'Анатолиевна'),
(503, 'Изольда', 'Мурзакова', 'Василиевна'),
(504, 'Ирина', 'Винокурова', 'Федотовна'),
(505, 'Фаина', 'Хабибуллина', 'Родионовна'),
(506, 'Диана', 'Беломестныха', 'Станиславовна'),
(507, 'Диана', 'Перова', 'Марковна'),
(508, 'Марианна', 'Фунтусова', 'Игнатиевна'),
(509, 'Ариадна', 'Лашманова', 'Афанасиевна'),
(510, 'Ульяна', 'Дорогова', 'Германовна'),
(511, 'Кристина', 'Гроша', 'Олеговна'),
(512, 'Нона', 'Балашова', 'Емельяновна'),
(513, 'Наталья', 'Белорусова', 'Евгениевна'),
(514, 'Влада', 'Коваль', 'Ипполитовна'),
(515, 'Инна', 'Трунина', 'Данилевна'),
(516, 'Пелагея', 'Качаева', 'Несторовна'),
(517, 'Марианна', 'Талалихина', 'Анатолиевна'),
(518, 'Рада', 'Золотова', 'Мефодиевна'),
(519, 'Елена', 'Грекова', 'Феликсовна'),
(520, 'Анфиса', 'Бирюкова', 'Игоревна'),
(521, 'Марианна', 'Солодскиха', 'Якововна'),
(522, 'Наталия', 'Ярный', 'Ираклиевна'),
(523, 'Рада', 'Фаммуса', 'Всеволодовна'),
(524, 'Ксения', 'Калагина', 'Петровна'),
(525, 'Светлана', 'Квитко', 'Иларионовна'),
(526, 'Вероника', 'Зефирова', 'Иосифовна'),
(527, 'Евгения', 'Бодрова', 'Андрияновна'),
(528, 'Анисья', 'Ивазова', 'Иларионовна'),
(529, 'Агния', 'Арсеиньева', 'Георгиевна'),
(530, 'Ефросинья', 'Полевщикова', 'Данииловна'),
(531, 'Аза', 'Самошина', 'Марковна'),
(532, 'Александра', 'Беломестныха', 'Владленовна'),
(533, 'Анастасия', 'Степихова', 'Святославовна'),
(534, 'Ольга', 'Курзыбова', 'Ираклиевна'),
(535, 'Владислава', 'Бандуркина', 'Борисовна'),
(536, 'Александра', 'Полушина', 'Потаповна'),
(537, 'Ефросиния', 'Маланова', 'Серафимовна'),
(538, 'Рада', 'Зыкова', 'Николаевна'),
(539, 'Лилия', 'Моисеева', 'Тимуровна'),
(540, 'Анфиса', 'Карманова', 'Тимуровна'),
(541, 'Милена', 'Барышникова', 'Ильевна'),
(542, 'Виктория', 'Мерзлова', 'Евгениевна'),
(543, 'Любава', 'Сагунова', 'Федотовна'),
(544, 'Тамара', 'Валуева', 'Мироновна'),
(545, 'Раиса', 'Белоусова', 'Ипполитовна'),
(546, 'Светлана', 'Нарыкова', 'Игоревна'),
(547, 'Полина', 'Комяхова', 'Якововна'),
(548, 'Александра', 'Саламатова', 'Якововна'),
(549, 'Кристина', 'Якимова', 'Святославовна'),
(550, 'Арина', 'Федорова', 'Игнатиевна'),
(551, 'Антонина', 'Окладникова', 'Виталиевна'),
(552, 'Эльвира', 'Канаша', 'Андрияновна'),
(553, 'Инесса', 'Путилина', 'Тихоновна'),
(554, 'Оксана', 'Абрамовича', 'Виталиевна'),
(555, 'Виктория', 'Глоба', 'Иосифовна'),
(556, 'Галина', 'Демидова', 'Карповна'),
(557, 'Марфа', 'Уксюзова', 'Игоревна'),
(558, 'Ксения', 'Диденкова', 'Петровна'),
(559, 'Раиса', 'Курсалина', 'Потаповна'),
(560, 'Агния', 'Мишнева', 'Тихоновна'),
(561, 'Агафья', 'Крайнева', 'Петровна'),
(562, 'Марианна', 'Гершковича', 'Глебовна'),
(563, 'Лилия', 'Аронова', 'Глебовна'),
(564, 'Инна', 'Погребной', 'Серафимовна'),
(565, 'Ксения', 'Михайлова', 'Трофимовна'),
(566, 'Арина', 'Аллилуева', 'Ираклиевна'),
(567, 'Римма', 'Козакова', 'Александровна'),
(568, 'Фаина', 'Пряхина', 'Иосифовна'),
(569, 'Доминика', 'Шурупова', 'Ильевна'),
(570, 'Василиса', 'Трибой', 'Анатолиевна'),
(571, 'Вера', 'Амелина', 'Евгениевна'),
(572, 'Стела', 'Вельяминова', 'Данилевна'),
(573, 'Дарья', 'Скотарева', 'Глебовна'),
(574, 'Ирина', 'Барышева', 'Елизаровна'),
(575, 'Ефросинья', 'Комарова', 'Геннадиевна'),
(576, 'Антонина', 'Нуряева', 'Павеловна'),
(577, 'Анисья', 'Карчагина', 'Станиславовна'),
(578, 'Мирослава', 'Бугакова', 'Василиевна'),
(579, 'Агния', 'Цызырева', 'Елизаровна'),
(580, 'Светлана', 'Сагадиева', 'Игоревна'),
(581, 'Ника', 'Пищальникова', 'Яновна'),
(582, 'Ульяна', 'Александрова', 'Игнатиевна'),
(583, 'Ярослава', 'Кускова', 'Данилевна'),
(584, 'Раиса', 'Бурцева', 'Михеевна'),
(585, 'Таисия', 'Кузинова', 'Иларионовна'),
(586, 'Эмилия', 'Блаженова', 'Евгениевна'),
(587, 'Виктория', 'Нагибина', 'Игоревна'),
(588, 'Милена', 'Клюшникова', 'Георгиевна'),
(589, 'Клара', 'Александрина', 'Игнатиевна'),
(590, 'Виктория', 'Харькова', 'Степановна'),
(591, 'Арина', 'Никифорова', 'Елизаровна'),
(592, 'Кристина', 'Кошелькова', 'Давидовна'),
(593, 'Всеслава', 'Базанова', 'Вячеславовна'),
(594, 'Ярослава', 'Полушина', 'Федотовна'),
(595, 'Майя', 'Нарыкова', 'Тихоновна'),
(596, 'Дина', 'Поджио', 'Ипполитовна'),
(597, 'Екатерина', 'Солодскиха', 'Анатолиевна'),
(598, 'Мария', 'Черникова', 'Трофимовна'),
(599, 'Александра', 'Гунина', 'Елисеевна'),
(600, 'Валентина', 'Радыгина', 'Алексеевна'),
(601, 'Кира', 'Богоносцева', 'Потаповна'),
(602, 'Вероника', 'Ясева', 'Родионовна'),
(603, 'Стела', 'Разуваева', 'Георгиевна'),
(604, 'Таисия', 'Кривова', 'Александровна'),
(605, 'Елена', 'Полевщикова', 'Тимофеевна'),
(606, 'Нина', 'Рыжкова', 'Мефодиевна'),
(607, 'Арина', 'Мурзакова', 'Глебовна');

-- --------------------------------------------------------

--
-- Структура таблицы `prepodpars`
--

CREATE TABLE `prepodpars` (
  `id` int NOT NULL,
  `id_prepod` int NOT NULL,
  `id_pars` int NOT NULL
) ENGINE=InnoDB DEFAULT CHARSET=utf8;

--
-- Дамп данных таблицы `prepodpars`
--

INSERT INTO `prepodpars` (`id`, `id_prepod`, `id_pars`) VALUES
(603, 79, 1),
(604, 75, 10),
(605, 47, 22),
(606, 31, 20),
(607, 50, 6),
(608, 44, 12),
(609, 78, 8),
(610, 84, 22),
(611, 71, 20),
(612, 12, 16),
(613, 72, 21),
(614, 81, 7),
(615, 56, 1),
(616, 33, 7),
(617, 67, 22),
(618, 46, 4),
(619, 13, 1),
(620, 21, 22),
(621, 25, 19),
(622, 49, 1),
(623, 90, 20),
(624, 64, 12),
(625, 11, 14),
(626, 65, 22),
(627, 34, 16),
(628, 102, 2),
(629, 42, 16),
(630, 70, 18),
(631, 23, 20),
(632, 88, 5),
(633, 83, 13),
(634, 18, 14),
(635, 55, 2),
(636, 7, 7),
(637, 104, 21),
(638, 57, 15),
(639, 48, 15),
(640, 22, 6),
(641, 20, 4),
(642, 19, 6),
(643, 103, 6),
(644, 77, 6),
(645, 54, 8),
(646, 38, 22),
(647, 29, 22),
(648, 9, 6),
(649, 87, 17),
(650, 24, 5),
(651, 37, 16),
(652, 16, 6),
(653, 99, 6),
(654, 74, 19),
(655, 80, 20),
(656, 69, 4),
(657, 92, 21),
(658, 68, 21),
(659, 63, 16),
(660, 101, 1),
(661, 93, 3),
(662, 105, 5),
(663, 62, 3),
(664, 85, 15),
(665, 40, 7),
(666, 58, 13),
(667, 15, 5),
(668, 28, 10),
(669, 96, 13),
(670, 51, 17),
(671, 52, 20),
(672, 73, 6),
(673, 60, 4),
(674, 10, 2),
(675, 41, 14),
(676, 26, 15),
(677, 8, 11),
(678, 17, 1),
(679, 95, 2),
(680, 39, 10),
(681, 43, 5),
(682, 89, 15),
(703, 97, 13),
(704, 14, 22),
(705, 32, 14),
(706, 76, 10),
(707, 100, 4),
(708, 61, 4),
(709, 82, 9),
(710, 86, 11),
(711, 59, 16),
(712, 30, 4),
(713, 91, 4),
(714, 98, 5),
(715, 66, 14),
(716, 7, 11),
(717, 45, 17),
(718, 94, 17),
(719, 35, 21),
(720, 27, 6),
(721, 36, 4),
(722, 53, 10),
(1323, 7, 31),
(1324, 8, 26),
(1325, 9, 7),
(1326, 10, 29),
(1327, 11, 17),
(1328, 12, 2),
(1329, 13, 21),
(1330, 14, 13),
(1331, 15, 8),
(1332, 16, 22),
(1333, 17, 15),
(1334, 18, 3),
(1335, 19, 10),
(1336, 20, 7),
(1337, 21, 33),
(1338, 22, 28),
(1339, 23, 22),
(1340, 24, 12),
(1341, 25, 21),
(1342, 26, 1),
(1343, 27, 1),
(1344, 28, 26),
(1345, 29, 16),
(1346, 30, 18),
(1347, 31, 17),
(1348, 32, 32),
(1349, 33, 26),
(1350, 34, 31),
(1351, 35, 19),
(1352, 36, 2),
(1353, 37, 18),
(1354, 38, 28),
(1355, 39, 5),
(1356, 40, 27),
(1357, 41, 26),
(1358, 42, 11),
(1359, 43, 17),
(1360, 44, 19),
(1361, 45, 27),
(1362, 46, 8),
(1363, 47, 20),
(1364, 48, 10),
(1365, 49, 23),
(1366, 50, 10),
(1367, 51, 26),
(1368, 52, 33),
(1369, 53, 7),
(1370, 54, 7),
(1371, 55, 33),
(1372, 56, 9),
(1373, 57, 28),
(1374, 58, 23),
(1375, 59, 15),
(1376, 60, 5),
(1377, 61, 29),
(1378, 62, 8),
(1379, 63, 8),
(1380, 64, 5),
(1381, 65, 13),
(1382, 66, 32),
(1383, 67, 1),
(1384, 68, 18),
(1385, 69, 10),
(1386, 70, 22),
(1387, 71, 7),
(1388, 72, 13),
(1389, 73, 19),
(1390, 74, 20),
(1391, 75, 10),
(1392, 76, 7),
(1393, 77, 10),
(1394, 78, 19),
(1395, 79, 28),
(1396, 80, 27),
(1397, 81, 11),
(1398, 82, 5),
(1399, 83, 6),
(1400, 84, 27),
(1401, 85, 15),
(1402, 86, 15),
(1403, 87, 9),
(1404, 88, 1),
(1405, 89, 11),
(1406, 90, 19),
(1407, 91, 1),
(1408, 92, 2),
(1409, 93, 20),
(1410, 94, 12),
(1411, 95, 16),
(1412, 96, 20),
(1413, 97, 7),
(1414, 98, 27),
(1415, 99, 10),
(1416, 100, 8),
(1417, 101, 23),
(1418, 102, 8),
(1419, 103, 7),
(1420, 104, 6),
(1421, 105, 5),
(1422, 106, 15),
(1423, 107, 30),
(1424, 108, 16),
(1425, 109, 12),
(1426, 110, 7),
(1427, 111, 30),
(1428, 112, 7),
(1429, 113, 8),
(1430, 114, 33),
(1431, 115, 11),
(1432, 116, 14),
(1433, 117, 1),
(1434, 118, 33),
(1435, 119, 19),
(1436, 120, 28),
(1437, 121, 5),
(1438, 122, 2),
(1439, 123, 9),
(1440, 124, 24),
(1441, 125, 4),
(1442, 126, 1),
(1443, 127, 1),
(1444, 128, 3),
(1445, 129, 18),
(1446, 130, 30),
(1447, 131, 26),
(1448, 132, 31),
(1449, 133, 12),
(1450, 134, 12),
(1451, 135, 8),
(1452, 136, 33),
(1453, 137, 32),
(1454, 138, 4),
(1455, 139, 17),
(1456, 140, 5),
(1457, 141, 16),
(1458, 142, 17),
(1459, 143, 1),
(1460, 144, 4),
(1461, 145, 2),
(1462, 146, 20),
(1463, 147, 9),
(1464, 148, 31),
(1465, 149, 10),
(1466, 150, 14),
(1467, 151, 21),
(1468, 152, 21),
(1469, 153, 26),
(1470, 154, 29),
(1471, 155, 8),
(1472, 156, 14),
(1473, 157, 26),
(1474, 158, 24),
(1475, 159, 31),
(1476, 160, 3),
(1477, 161, 9),
(1478, 162, 25),
(1479, 163, 7),
(1480, 164, 11),
(1481, 165, 22),
(1482, 166, 31),
(1483, 167, 4),
(1484, 168, 3),
(1485, 169, 3),
(1486, 170, 33),
(1487, 171, 7),
(1488, 172, 15),
(1489, 173, 2),
(1490, 174, 25),
(1491, 175, 17),
(1492, 176, 24),
(1493, 177, 20),
(1494, 178, 25),
(1495, 179, 8),
(1496, 180, 5),
(1497, 181, 20),
(1498, 182, 12),
(1499, 183, 27),
(1500, 184, 18),
(1501, 185, 16),
(1502, 186, 21),
(1503, 187, 5),
(1504, 188, 13),
(1505, 189, 1),
(1506, 190, 24),
(1507, 191, 20),
(1508, 192, 1),
(1509, 193, 22),
(1510, 194, 9),
(1511, 195, 16),
(1512, 196, 27),
(1513, 197, 3),
(1514, 198, 26),
(1515, 199, 24),
(1516, 200, 3),
(1517, 201, 22),
(1518, 202, 10),
(1519, 203, 5),
(1520, 204, 20),
(1521, 205, 9),
(1522, 206, 8),
(1523, 207, 27),
(1524, 208, 12),
(1525, 209, 6),
(1526, 210, 17),
(1527, 211, 24),
(1528, 212, 19),
(1529, 213, 25),
(1530, 214, 11),
(1531, 215, 31),
(1532, 216, 24),
(1533, 217, 17),
(1534, 218, 3),
(1535, 219, 18),
(1536, 220, 1),
(1537, 221, 10),
(1538, 222, 17),
(1539, 223, 3),
(1540, 224, 15),
(1541, 225, 7),
(1542, 226, 27),
(1543, 227, 23),
(1544, 228, 30),
(1545, 229, 19),
(1546, 230, 24),
(1547, 231, 24),
(1548, 232, 24),
(1549, 233, 3),
(1550, 234, 19),
(1551, 235, 33),
(1552, 236, 24),
(1553, 237, 9),
(1554, 238, 2),
(1555, 239, 29),
(1556, 240, 33),
(1557, 241, 17),
(1558, 242, 21),
(1559, 243, 24),
(1560, 244, 16),
(1561, 245, 13),
(1562, 246, 26),
(1563, 247, 33),
(1564, 248, 14),
(1565, 249, 3),
(1566, 250, 18),
(1567, 251, 32),
(1568, 252, 21),
(1569, 253, 28),
(1570, 254, 15),
(1571, 255, 16),
(1572, 256, 13),
(1573, 257, 4),
(1574, 258, 19),
(1575, 259, 14),
(1576, 260, 25),
(1577, 261, 7),
(1578, 262, 27),
(1579, 263, 20),
(1580, 264, 11),
(1581, 265, 4),
(1582, 266, 31),
(1583, 267, 6),
(1584, 268, 21),
(1585, 269, 11),
(1586, 270, 3),
(1587, 271, 20),
(1588, 272, 9),
(1589, 273, 3),
(1590, 274, 14),
(1591, 275, 1),
(1592, 276, 12),
(1593, 277, 12),
(1594, 278, 21),
(1595, 279, 30),
(1596, 280, 4),
(1597, 281, 30),
(1598, 282, 3),
(1599, 283, 17),
(1600, 284, 4),
(1601, 285, 1),
(1602, 286, 2),
(1603, 287, 21),
(1604, 288, 24),
(1605, 289, 20),
(1606, 290, 23),
(1607, 291, 17),
(1608, 292, 28),
(1609, 293, 17),
(1610, 294, 25),
(1611, 295, 9),
(1612, 296, 16),
(1613, 297, 10),
(1614, 298, 1),
(1615, 299, 28),
(1616, 300, 11),
(1617, 301, 7),
(1618, 302, 21),
(1619, 303, 8),
(1620, 304, 1),
(1621, 305, 6),
(1622, 306, 13),
(1623, 307, 22),
(1624, 308, 10),
(1625, 309, 9),
(1626, 310, 4),
(1627, 311, 1),
(1628, 312, 16),
(1629, 313, 12),
(1630, 314, 12),
(1631, 315, 16),
(1632, 316, 30),
(1633, 317, 17),
(1634, 318, 33),
(1635, 319, 4),
(1636, 320, 33),
(1637, 321, 19),
(1638, 322, 27),
(1639, 323, 22),
(1640, 324, 22),
(1641, 325, 7),
(1642, 326, 16),
(1643, 327, 2),
(1644, 328, 33),
(1645, 329, 7),
(1646, 330, 26),
(1647, 331, 30),
(1648, 332, 32),
(1649, 333, 23),
(1650, 334, 11),
(1651, 335, 20),
(1652, 336, 23),
(1653, 337, 22),
(1654, 338, 1),
(1655, 339, 25),
(1656, 340, 20),
(1657, 341, 5),
(1658, 342, 17),
(1659, 343, 10),
(1660, 344, 28),
(1661, 345, 24),
(1662, 346, 2),
(1663, 347, 12),
(1664, 348, 31),
(1665, 349, 4),
(1666, 350, 1),
(1667, 351, 1),
(1668, 352, 1),
(1669, 353, 27),
(1670, 354, 28),
(1671, 355, 4),
(1672, 356, 24),
(1673, 357, 11),
(1674, 358, 20),
(1675, 359, 12),
(1676, 360, 28),
(1677, 361, 20),
(1678, 362, 20),
(1679, 363, 22),
(1680, 364, 8),
(1681, 365, 8),
(1682, 366, 22),
(1683, 367, 3),
(1684, 368, 25),
(1685, 369, 23),
(1686, 370, 16),
(1687, 371, 32),
(1688, 372, 20),
(1689, 373, 3),
(1690, 374, 24),
(1691, 375, 27),
(1692, 376, 1),
(1693, 377, 9),
(1694, 378, 24),
(1695, 379, 16),
(1696, 380, 33),
(1697, 381, 29),
(1698, 382, 1),
(1699, 383, 2),
(1700, 384, 14),
(1701, 385, 5),
(1702, 386, 2),
(1703, 387, 13),
(1704, 388, 10),
(1705, 389, 18),
(1706, 390, 14),
(1707, 391, 6),
(1708, 392, 6),
(1709, 393, 31),
(1710, 394, 14),
(1711, 395, 32),
(1712, 396, 13),
(1713, 397, 26),
(1714, 398, 14),
(1715, 399, 13),
(1716, 400, 26),
(1717, 401, 10),
(1718, 402, 26),
(1719, 403, 3),
(1720, 404, 13),
(1721, 405, 24),
(1722, 406, 16),
(1723, 407, 5),
(1724, 408, 6),
(1725, 409, 13),
(1726, 410, 20),
(1727, 411, 22),
(1728, 412, 23),
(1729, 413, 9),
(1730, 414, 27),
(1731, 415, 5),
(1732, 416, 12),
(1733, 417, 33),
(1734, 418, 26),
(1735, 419, 2),
(1736, 420, 21),
(1737, 421, 7),
(1738, 422, 31),
(1739, 423, 8),
(1740, 424, 33),
(1741, 425, 31),
(1742, 426, 29),
(1743, 427, 6),
(1744, 428, 20),
(1745, 429, 19),
(1746, 430, 9),
(1747, 431, 17),
(1748, 432, 11),
(1749, 433, 17),
(1750, 434, 13),
(1751, 435, 25),
(1752, 436, 30),
(1753, 437, 10),
(1754, 438, 31),
(1755, 439, 24),
(1756, 440, 17),
(1757, 441, 25),
(1758, 442, 32),
(1759, 443, 33),
(1760, 444, 20),
(1761, 445, 12),
(1762, 446, 14),
(1763, 447, 19),
(1764, 448, 33),
(1765, 449, 26),
(1766, 450, 3),
(1767, 451, 22),
(1768, 452, 14),
(1769, 453, 31),
(1770, 454, 20),
(1771, 455, 17),
(1772, 456, 14),
(1773, 457, 30),
(1774, 458, 15),
(1775, 459, 21),
(1776, 460, 14),
(1777, 461, 1),
(1778, 462, 29),
(1779, 463, 2),
(1780, 464, 22),
(1781, 465, 8),
(1782, 466, 14),
(1783, 467, 18),
(1784, 468, 28),
(1785, 469, 25),
(1786, 470, 16),
(1787, 471, 12),
(1788, 472, 32),
(1789, 473, 23),
(1790, 474, 4),
(1791, 475, 26),
(1792, 476, 4),
(1793, 477, 17),
(1794, 478, 15),
(1795, 479, 8),
(1796, 480, 7),
(1797, 481, 5),
(1798, 482, 23),
(1799, 483, 21),
(1800, 484, 21),
(1801, 485, 30),
(1802, 486, 6),
(1803, 487, 25),
(1804, 488, 7),
(1805, 489, 20),
(1806, 490, 26),
(1807, 491, 33),
(1808, 492, 26),
(1809, 493, 12),
(1810, 494, 9),
(1811, 495, 2),
(1812, 496, 11),
(1813, 497, 13),
(1814, 498, 14),
(1815, 499, 13),
(1816, 500, 1),
(1817, 501, 32),
(1818, 502, 21),
(1819, 503, 3),
(1820, 504, 1),
(1821, 505, 21),
(1822, 506, 21),
(1823, 507, 1),
(1824, 508, 19),
(1825, 509, 12),
(1826, 510, 26),
(1827, 511, 17),
(1828, 512, 17),
(1829, 513, 17),
(1830, 514, 1),
(1831, 515, 17),
(1832, 516, 28),
(1833, 517, 12),
(1834, 518, 26),
(1835, 519, 24),
(1836, 520, 24),
(1837, 521, 5),
(1838, 522, 29),
(1839, 523, 15),
(1840, 524, 2),
(1841, 525, 12),
(1842, 526, 24),
(1843, 527, 19),
(1844, 528, 28),
(1845, 529, 12),
(1846, 530, 1),
(1847, 531, 24),
(1848, 532, 21),
(1849, 533, 9),
(1850, 534, 29),
(1851, 535, 15),
(1852, 536, 31),
(1853, 537, 21),
(1854, 538, 22),
(1855, 539, 3),
(1856, 540, 19),
(1857, 541, 33),
(1858, 542, 26),
(1859, 543, 22),
(1860, 544, 12),
(1861, 545, 33),
(1862, 546, 16),
(1863, 547, 27),
(1864, 548, 21),
(1865, 549, 25),
(1866, 550, 6),
(1867, 551, 33),
(1868, 552, 33),
(1869, 553, 23),
(1870, 554, 3),
(1871, 555, 10),
(1872, 556, 18),
(1873, 557, 10),
(1874, 558, 12),
(1875, 559, 10),
(1876, 560, 22),
(1877, 561, 32),
(1878, 562, 11),
(1879, 563, 28),
(1880, 564, 4),
(1881, 565, 16),
(1882, 566, 32),
(1883, 567, 13),
(1884, 568, 12),
(1885, 569, 19),
(1886, 570, 20),
(1887, 571, 21),
(1888, 572, 28),
(1889, 573, 3),
(1890, 574, 18),
(1891, 575, 20),
(1892, 576, 3),
(1893, 577, 28),
(1894, 578, 26),
(1895, 579, 1),
(1896, 580, 3),
(1897, 581, 3),
(1898, 582, 6),
(1899, 583, 29),
(1900, 584, 12),
(1901, 585, 21),
(1902, 586, 2),
(1903, 587, 17),
(1904, 588, 12),
(1905, 589, 13),
(1906, 590, 15),
(1907, 591, 9),
(1908, 592, 15),
(1909, 593, 14),
(1910, 594, 11),
(1911, 595, 26),
(1912, 596, 1),
(1913, 597, 25),
(1914, 598, 18),
(1915, 599, 16),
(1916, 600, 12),
(1917, 601, 17),
(1918, 602, 25),
(1919, 603, 11),
(1920, 604, 26),
(1921, 605, 31),
(1922, 606, 25);

-- --------------------------------------------------------

--
-- Структура таблицы `rasp`
--

CREATE TABLE `rasp` (
  `id` int NOT NULL,
  `id_groups` int NOT NULL,
  `num` int DEFAULT '1',
  `day` int NOT NULL DEFAULT '1',
  `id_pars` int NOT NULL
) ENGINE=InnoDB DEFAULT CHARSET=utf8;

--
-- Дамп данных таблицы `rasp`
--

INSERT INTO `rasp` (`id`, `id_groups`, `num`, `day`, `id_pars`) VALUES
(1, 1, 1, 1, 20),
(2, 1, 1, 2, 4),
(3, 1, 1, 3, 10),
(4, 1, 1, 4, 12),
(5, 1, 1, 5, 12),
(6, 1, 1, 6, 31),
(7, 1, 2, 1, 25),
(8, 1, 2, 2, 5),
(9, 1, 2, 3, 30),
(10, 1, 2, 4, 21),
(11, 1, 2, 5, 20),
(12, 1, 2, 6, 20),
(13, 1, 3, 1, 26),
(14, 1, 3, 2, 12),
(15, 1, 3, 3, 30),
(16, 1, 3, 4, 9),
(17, 1, 3, 5, 12),
(18, 1, 3, 6, 21),
(19, 1, 4, 1, 20),
(20, 1, 4, 2, 5),
(21, 1, 4, 3, 16),
(22, 1, 4, 4, 20),
(23, 1, 4, 5, 14),
(24, 1, 4, 6, 12),
(25, 1, 5, 1, 18),
(26, 1, 5, 2, 25),
(27, 1, 5, 3, 29),
(28, 1, 5, 4, 33),
(29, 1, 5, 5, 22),
(30, 1, 5, 6, 5),
(31, 2, 1, 1, 33),
(32, 2, 1, 2, 23),
(33, 2, 1, 3, 15),
(34, 2, 1, 4, 14),
(35, 2, 1, 5, 29),
(36, 2, 1, 6, 2),
(37, 2, 2, 1, 33),
(38, 2, 2, 2, 20),
(39, 2, 2, 3, 20),
(40, 2, 2, 4, 25),
(41, 2, 2, 5, 25),
(42, 2, 2, 6, 11),
(43, 2, 3, 1, 12),
(44, 2, 3, 2, 23),
(45, 2, 3, 3, 2),
(46, 2, 3, 4, 6),
(47, 2, 3, 5, 33),
(48, 2, 3, 6, 21),
(49, 2, 4, 1, 17),
(50, 2, 4, 2, 14),
(51, 2, 4, 3, 30),
(52, 2, 4, 4, 24),
(53, 2, 4, 5, 29),
(54, 2, 4, 6, 1),
(55, 2, 5, 1, 17),
(56, 2, 5, 2, 26),
(57, 2, 5, 3, 16),
(58, 2, 5, 4, 20),
(59, 2, 5, 5, 9),
(60, 2, 5, 6, 14),
(61, 3, 1, 1, 9),
(62, 3, 1, 2, 19),
(63, 3, 1, 3, 7),
(64, 3, 1, 4, 13),
(65, 3, 1, 5, 8),
(66, 3, 1, 6, 6),
(67, 3, 2, 1, 9),
(68, 3, 2, 2, 25),
(69, 3, 2, 3, 4),
(70, 3, 2, 4, 8),
(71, 3, 2, 5, 18),
(72, 3, 2, 6, 25),
(73, 3, 3, 1, 32),
(74, 3, 3, 2, 32),
(75, 3, 3, 3, 11),
(76, 3, 3, 4, 17),
(77, 3, 3, 5, 19),
(78, 3, 3, 6, 11),
(79, 3, 4, 1, 24),
(80, 3, 4, 2, 14),
(81, 3, 4, 3, 13),
(82, 3, 4, 4, 22),
(83, 3, 4, 5, 1),
(84, 3, 4, 6, 23),
(85, 3, 5, 1, 21),
(86, 3, 5, 2, 8),
(87, 3, 5, 3, 16),
(88, 3, 5, 4, 24),
(89, 3, 5, 5, 9),
(90, 3, 5, 6, 1),
(91, 4, 1, 1, 10),
(92, 4, 1, 2, 22),
(93, 4, 1, 3, 4),
(94, 4, 1, 4, 10),
(95, 4, 1, 5, 20),
(96, 4, 1, 6, 13),
(97, 4, 2, 1, 16),
(98, 4, 2, 2, 13),
(99, 4, 2, 3, 26),
(100, 4, 2, 4, 13),
(101, 4, 2, 5, 21),
(102, 4, 2, 6, 5),
(103, 4, 3, 1, 23),
(104, 4, 3, 2, 6),
(105, 4, 3, 3, 8),
(106, 4, 3, 4, 18),
(107, 4, 3, 5, 20),
(108, 4, 3, 6, 19),
(109, 4, 4, 1, 22),
(110, 4, 4, 2, 16),
(111, 4, 4, 3, 24),
(112, 4, 4, 4, 19),
(113, 4, 4, 5, 16),
(114, 4, 4, 6, 24),
(115, 4, 5, 1, 5),
(116, 4, 5, 2, 32),
(117, 4, 5, 3, 5),
(118, 4, 5, 4, 14),
(119, 4, 5, 5, 7),
(120, 4, 5, 6, 19),
(121, 5, 1, 1, 21),
(122, 5, 1, 2, 12),
(123, 5, 1, 3, 30),
(124, 5, 1, 4, 17),
(125, 5, 1, 5, 25),
(126, 5, 1, 6, 29),
(127, 5, 2, 1, 18),
(128, 5, 2, 2, 32),
(129, 5, 2, 3, 18),
(130, 5, 2, 4, 25),
(131, 5, 2, 5, 2),
(132, 5, 2, 6, 15),
(133, 5, 3, 1, 25),
(134, 5, 3, 2, 21),
(135, 5, 3, 3, 1),
(136, 5, 3, 4, 17),
(137, 5, 3, 5, 10),
(138, 5, 3, 6, 23),
(139, 5, 4, 1, 6),
(140, 5, 4, 2, 5),
(141, 5, 4, 3, 16),
(142, 5, 4, 4, 6),
(143, 5, 4, 5, 12),
(144, 5, 4, 6, 21),
(145, 5, 5, 1, 8),
(146, 5, 5, 2, 25),
(147, 5, 5, 3, 4),
(148, 5, 5, 4, 22),
(149, 5, 5, 5, 26),
(150, 5, 5, 6, 20),
(151, 6, 1, 1, 2),
(152, 6, 1, 2, 25),
(153, 6, 1, 3, 15),
(154, 6, 1, 4, 4),
(155, 6, 1, 5, 28),
(156, 6, 1, 6, 28),
(157, 6, 2, 1, 32),
(158, 6, 2, 2, 6),
(159, 6, 2, 3, 22),
(160, 6, 2, 4, 25),
(161, 6, 2, 5, 7),
(162, 6, 2, 6, 19),
(163, 6, 3, 1, 5),
(164, 6, 3, 2, 5),
(165, 6, 3, 3, 25),
(166, 6, 3, 4, 26),
(167, 6, 3, 5, 33),
(168, 6, 3, 6, 1),
(169, 6, 4, 1, 25),
(170, 6, 4, 2, 32),
(171, 6, 4, 3, 15),
(172, 6, 4, 4, 14),
(173, 6, 4, 5, 32),
(174, 6, 4, 6, 21),
(175, 6, 5, 1, 8),
(176, 6, 5, 2, 15),
(177, 6, 5, 3, 16),
(178, 6, 5, 4, 31),
(179, 6, 5, 5, 32),
(180, 6, 5, 6, 4),
(181, 7, 1, 1, 28),
(182, 7, 1, 2, 18),
(183, 7, 1, 3, 28),
(184, 7, 1, 4, 18),
(185, 7, 1, 5, 26),
(186, 7, 1, 6, 16),
(187, 7, 2, 1, 17),
(188, 7, 2, 2, 9),
(189, 7, 2, 3, 18),
(190, 7, 2, 4, 33),
(191, 7, 2, 5, 7),
(192, 7, 2, 6, 3),
(193, 7, 3, 1, 5),
(194, 7, 3, 2, 33),
(195, 7, 3, 3, 13),
(196, 7, 3, 4, 29),
(197, 7, 3, 5, 26),
(198, 7, 3, 6, 16),
(199, 7, 4, 1, 15),
(200, 7, 4, 2, 31),
(201, 7, 4, 3, 31),
(202, 7, 4, 4, 5),
(203, 7, 4, 5, 8),
(204, 7, 4, 6, 24),
(205, 7, 5, 1, 29),
(206, 7, 5, 2, 14),
(207, 7, 5, 3, 22),
(208, 7, 5, 4, 8),
(209, 7, 5, 5, 32),
(210, 7, 5, 6, 11),
(211, 8, 1, 1, 29),
(212, 8, 1, 2, 21),
(213, 8, 1, 3, 31),
(214, 8, 1, 4, 33),
(215, 8, 1, 5, 20),
(216, 8, 1, 6, 21),
(217, 8, 2, 1, 25),
(218, 8, 2, 2, 20),
(219, 8, 2, 3, 32),
(220, 8, 2, 4, 5),
(221, 8, 2, 5, 16),
(222, 8, 2, 6, 20),
(223, 8, 3, 1, 11),
(224, 8, 3, 2, 20),
(225, 8, 3, 3, 12),
(226, 8, 3, 4, 31),
(227, 8, 3, 5, 2),
(228, 8, 3, 6, 15),
(229, 8, 4, 1, 20),
(230, 8, 4, 2, 13),
(231, 8, 4, 3, 32),
(232, 8, 4, 4, 22),
(233, 8, 4, 5, 29),
(234, 8, 4, 6, 13),
(235, 8, 5, 1, 16),
(236, 8, 5, 2, 18),
(237, 8, 5, 3, 31),
(238, 8, 5, 4, 32),
(239, 8, 5, 5, 16),
(240, 8, 5, 6, 29),
(241, 9, 1, 1, 32),
(242, 9, 1, 2, 16),
(243, 9, 1, 3, 17),
(244, 9, 1, 4, 9),
(245, 9, 1, 5, 23),
(246, 9, 1, 6, 27),
(247, 9, 2, 1, 20),
(248, 9, 2, 2, 4),
(249, 9, 2, 3, 19),
(250, 9, 2, 4, 12),
(251, 9, 2, 5, 6),
(252, 9, 2, 6, 22),
(253, 9, 3, 1, 4),
(254, 9, 3, 2, 1),
(255, 9, 3, 3, 8),
(256, 9, 3, 4, 24),
(257, 9, 3, 5, 31),
(258, 9, 3, 6, 27),
(259, 9, 4, 1, 11),
(260, 9, 4, 2, 5),
(261, 9, 4, 3, 33),
(262, 9, 4, 4, 3),
(263, 9, 4, 5, 20),
(264, 9, 4, 6, 3),
(265, 9, 5, 1, 17),
(266, 9, 5, 2, 4),
(267, 9, 5, 3, 31),
(268, 9, 5, 4, 27),
(269, 9, 5, 5, 6),
(270, 9, 5, 6, 1),
(271, 10, 1, 1, 7),
(272, 10, 1, 2, 18),
(273, 10, 1, 3, 20),
(274, 10, 1, 4, 9),
(275, 10, 1, 5, 25),
(276, 10, 1, 6, 27),
(277, 10, 2, 1, 4),
(278, 10, 2, 2, 20),
(279, 10, 2, 3, 27),
(280, 10, 2, 4, 29),
(281, 10, 2, 5, 3),
(282, 10, 2, 6, 7),
(283, 10, 3, 1, 16),
(284, 10, 3, 2, 33),
(285, 10, 3, 3, 25),
(286, 10, 3, 4, 3),
(287, 10, 3, 5, 1),
(288, 10, 3, 6, 16),
(289, 10, 4, 1, 14),
(290, 10, 4, 2, 12),
(291, 10, 4, 3, 33),
(292, 10, 4, 4, 6),
(293, 10, 4, 5, 4),
(294, 10, 4, 6, 14),
(295, 10, 5, 1, 15),
(296, 10, 5, 2, 28),
(297, 10, 5, 3, 26),
(298, 10, 5, 4, 8),
(299, 10, 5, 5, 19),
(300, 10, 5, 6, 3),
(301, 11, 1, 1, 32),
(302, 11, 1, 2, 19),
(303, 11, 1, 3, 4),
(304, 11, 1, 4, 5),
(305, 11, 1, 5, 17),
(306, 11, 1, 6, 25),
(307, 11, 2, 1, 32),
(308, 11, 2, 2, 11),
(309, 11, 2, 3, 10),
(310, 11, 2, 4, 24),
(311, 11, 2, 5, 1),
(312, 11, 2, 6, 30),
(313, 11, 3, 1, 23),
(314, 11, 3, 2, 3),
(315, 11, 3, 3, 3),
(316, 11, 3, 4, 4),
(317, 11, 3, 5, 22),
(318, 11, 3, 6, 32),
(319, 11, 4, 1, 10),
(320, 11, 4, 2, 16),
(321, 11, 4, 3, 21),
(322, 11, 4, 4, 30),
(323, 11, 4, 5, 26),
(324, 11, 4, 6, 27),
(325, 11, 5, 1, 6),
(326, 11, 5, 2, 10),
(327, 11, 5, 3, 28),
(328, 11, 5, 4, 20),
(329, 11, 5, 5, 3),
(330, 11, 5, 6, 23),
(331, 12, 1, 1, 4),
(332, 12, 1, 2, 13),
(333, 12, 1, 3, 25),
(334, 12, 1, 4, 11),
(335, 12, 1, 5, 20),
(336, 12, 1, 6, 28),
(337, 12, 2, 1, 29),
(338, 12, 2, 2, 6),
(339, 12, 2, 3, 4),
(340, 12, 2, 4, 10),
(341, 12, 2, 5, 5),
(342, 12, 2, 6, 9),
(343, 12, 3, 1, 28),
(344, 12, 3, 2, 20),
(345, 12, 3, 3, 10),
(346, 12, 3, 4, 10),
(347, 12, 3, 5, 25),
(348, 12, 3, 6, 19),
(349, 12, 4, 1, 21),
(350, 12, 4, 2, 3),
(351, 12, 4, 3, 5),
(352, 12, 4, 4, 1),
(353, 12, 4, 5, 28),
(354, 12, 4, 6, 9),
(355, 12, 5, 1, 2),
(356, 12, 5, 2, 2),
(357, 12, 5, 3, 14),
(358, 12, 5, 4, 15),
(359, 12, 5, 5, 14),
(360, 12, 5, 6, 11),
(361, 13, 1, 1, 33),
(362, 13, 1, 2, 3),
(363, 13, 1, 3, 33),
(364, 13, 1, 4, 7),
(365, 13, 1, 5, 13),
(366, 13, 1, 6, 18),
(367, 13, 2, 1, 17),
(368, 13, 2, 2, 14),
(369, 13, 2, 3, 33),
(370, 13, 2, 4, 10),
(371, 13, 2, 5, 22),
(372, 13, 2, 6, 11),
(373, 13, 3, 1, 28),
(374, 13, 3, 2, 2),
(375, 13, 3, 3, 33),
(376, 13, 3, 4, 30),
(377, 13, 3, 5, 19),
(378, 13, 3, 6, 3),
(379, 13, 4, 1, 10),
(380, 13, 4, 2, 5),
(381, 13, 4, 3, 12),
(382, 13, 4, 4, 1),
(383, 13, 4, 5, 8),
(384, 13, 4, 6, 2),
(385, 13, 5, 1, 26),
(386, 13, 5, 2, 23),
(387, 13, 5, 3, 21),
(388, 13, 5, 4, 19),
(389, 13, 5, 5, 11),
(390, 13, 5, 6, 32),
(391, 14, 1, 1, 10),
(392, 14, 1, 2, 26),
(393, 14, 1, 3, 28),
(394, 14, 1, 4, 32),
(395, 14, 1, 5, 30),
(396, 14, 1, 6, 22),
(397, 14, 2, 1, 13),
(398, 14, 2, 2, 19),
(399, 14, 2, 3, 23),
(400, 14, 2, 4, 19),
(401, 14, 2, 5, 21),
(402, 14, 2, 6, 23),
(403, 14, 3, 1, 10),
(404, 14, 3, 2, 30),
(405, 14, 3, 3, 32),
(406, 14, 3, 4, 27),
(407, 14, 3, 5, 20),
(408, 14, 3, 6, 3),
(409, 14, 4, 1, 5),
(410, 14, 4, 2, 32),
(411, 14, 4, 3, 16),
(412, 14, 4, 4, 25),
(413, 14, 4, 5, 32),
(414, 14, 4, 6, 4),
(415, 14, 5, 1, 15),
(416, 14, 5, 2, 27),
(417, 14, 5, 3, 21),
(418, 14, 5, 4, 4),
(419, 14, 5, 5, 13),
(420, 14, 5, 6, 5),
(421, 15, 1, 1, 3),
(422, 15, 1, 2, 2),
(423, 15, 1, 3, 22),
(424, 15, 1, 4, 3),
(425, 15, 1, 5, 4),
(426, 15, 1, 6, 15),
(427, 15, 2, 1, 20),
(428, 15, 2, 2, 16),
(429, 15, 2, 3, 12),
(430, 15, 2, 4, 1),
(431, 15, 2, 5, 11),
(432, 15, 2, 6, 4),
(433, 15, 3, 1, 21),
(434, 15, 3, 2, 28),
(435, 15, 3, 3, 26),
(436, 15, 3, 4, 19),
(437, 15, 3, 5, 22),
(438, 15, 3, 6, 8),
(439, 15, 4, 1, 20),
(440, 15, 4, 2, 2),
(441, 15, 4, 3, 7),
(442, 15, 4, 4, 13),
(443, 15, 4, 5, 9),
(444, 15, 4, 6, 23),
(445, 15, 5, 1, 21),
(446, 15, 5, 2, 16),
(447, 15, 5, 3, 22),
(448, 15, 5, 4, 11),
(449, 15, 5, 5, 6),
(450, 15, 5, 6, 32),
(451, 16, 1, 1, 26),
(452, 16, 1, 2, 10),
(453, 16, 1, 3, 20),
(454, 16, 1, 4, 16),
(455, 16, 1, 5, 24),
(456, 16, 1, 6, 27),
(457, 16, 2, 1, 23),
(458, 16, 2, 2, 11),
(459, 16, 2, 3, 30),
(460, 16, 2, 4, 1),
(461, 16, 2, 5, 8),
(462, 16, 2, 6, 23),
(463, 16, 3, 1, 7),
(464, 16, 3, 2, 28),
(465, 16, 3, 3, 7),
(466, 16, 3, 4, 15),
(467, 16, 3, 5, 30),
(468, 16, 3, 6, 1),
(469, 16, 4, 1, 24),
(470, 16, 4, 2, 4),
(471, 16, 4, 3, 4),
(472, 16, 4, 4, 17),
(473, 16, 4, 5, 29),
(474, 16, 4, 6, 29),
(475, 16, 5, 1, 7),
(476, 16, 5, 2, 33),
(477, 16, 5, 3, 17),
(478, 16, 5, 4, 33),
(479, 16, 5, 5, 17),
(480, 16, 5, 6, 17),
(481, 17, 1, 1, 32),
(482, 17, 1, 2, 11),
(483, 17, 1, 3, 21),
(484, 17, 1, 4, 13),
(485, 17, 1, 5, 1),
(486, 17, 1, 6, 32),
(487, 17, 2, 1, 26),
(488, 17, 2, 2, 2),
(489, 17, 2, 3, 17),
(490, 17, 2, 4, 7),
(491, 17, 2, 5, 27),
(492, 17, 2, 6, 22),
(493, 17, 3, 1, 32),
(494, 17, 3, 2, 9),
(495, 17, 3, 3, 12),
(496, 17, 3, 4, 3),
(497, 17, 3, 5, 5),
(498, 17, 3, 6, 31),
(499, 17, 4, 1, 26),
(500, 17, 4, 2, 4),
(501, 17, 4, 3, 17),
(502, 17, 4, 4, 21),
(503, 17, 4, 5, 24),
(504, 17, 4, 6, 20),
(505, 17, 5, 1, 9),
(506, 17, 5, 2, 18),
(507, 17, 5, 3, 3),
(508, 17, 5, 4, 10),
(509, 17, 5, 5, 27),
(510, 17, 5, 6, 7),
(511, 18, 1, 1, 7),
(512, 18, 1, 2, 17),
(513, 18, 1, 3, 23),
(514, 18, 1, 4, 21),
(515, 18, 1, 5, 27),
(516, 18, 1, 6, 19),
(517, 18, 2, 1, 14),
(518, 18, 2, 2, 8),
(519, 18, 2, 3, 20),
(520, 18, 2, 4, 15),
(521, 18, 2, 5, 23),
(522, 18, 2, 6, 32),
(523, 18, 3, 1, 15),
(524, 18, 3, 2, 31),
(525, 18, 3, 3, 20),
(526, 18, 3, 4, 22),
(527, 18, 3, 5, 10),
(528, 18, 3, 6, 33),
(529, 18, 4, 1, 21),
(530, 18, 4, 2, 4),
(531, 18, 4, 3, 11),
(532, 18, 4, 4, 5),
(533, 18, 4, 5, 1),
(534, 18, 4, 6, 18),
(535, 18, 5, 1, 15),
(536, 18, 5, 2, 13),
(537, 18, 5, 3, 30),
(538, 18, 5, 4, 31),
(539, 18, 5, 5, 5),
(540, 18, 5, 6, 22),
(541, 19, 1, 1, 11),
(542, 19, 1, 2, 27),
(543, 19, 1, 3, 27),
(544, 19, 1, 4, 9),
(545, 19, 1, 5, 13),
(546, 19, 1, 6, 4),
(547, 19, 2, 1, 30),
(548, 19, 2, 2, 2),
(549, 19, 2, 3, 1),
(550, 19, 2, 4, 11),
(551, 19, 2, 5, 24),
(552, 19, 2, 6, 9),
(553, 19, 3, 1, 18),
(554, 19, 3, 2, 29),
(555, 19, 3, 3, 15),
(556, 19, 3, 4, 33),
(557, 19, 3, 5, 4),
(558, 19, 3, 6, 22),
(559, 19, 4, 1, 19),
(560, 19, 4, 2, 9),
(561, 19, 4, 3, 14),
(562, 19, 4, 4, 4),
(563, 19, 4, 5, 10),
(564, 19, 4, 6, 16),
(565, 19, 5, 1, 11),
(566, 19, 5, 2, 15),
(567, 19, 5, 3, 7),
(568, 19, 5, 4, 2),
(569, 19, 5, 5, 9),
(570, 19, 5, 6, 8),
(571, 20, 1, 1, 32),
(572, 20, 1, 2, 8),
(573, 20, 1, 3, 4),
(574, 20, 1, 4, 9),
(575, 20, 1, 5, 24),
(576, 20, 1, 6, 33),
(577, 20, 2, 1, 10),
(578, 20, 2, 2, 24),
(579, 20, 2, 3, 27),
(580, 20, 2, 4, 18),
(581, 20, 2, 5, 13),
(582, 20, 2, 6, 5),
(583, 20, 3, 1, 14),
(584, 20, 3, 2, 19),
(585, 20, 3, 3, 17),
(586, 20, 3, 4, 9),
(587, 20, 3, 5, 3),
(588, 20, 3, 6, 3),
(589, 20, 4, 1, 32),
(590, 20, 4, 2, 17),
(591, 20, 4, 3, 26),
(592, 20, 4, 4, 28),
(593, 20, 4, 5, 25),
(594, 20, 4, 6, 15),
(595, 20, 5, 1, 18),
(596, 20, 5, 2, 13),
(597, 20, 5, 3, 13),
(598, 20, 5, 4, 29),
(599, 20, 5, 5, 30),
(600, 20, 5, 6, 21),
(601, 21, 1, 1, 24),
(602, 21, 1, 2, 8),
(603, 21, 1, 3, 31),
(604, 21, 1, 4, 33),
(605, 21, 1, 5, 2),
(606, 21, 1, 6, 10),
(607, 21, 2, 1, 1),
(608, 21, 2, 2, 3),
(609, 21, 2, 3, 8),
(610, 21, 2, 4, 16),
(611, 21, 2, 5, 8),
(612, 21, 2, 6, 17),
(613, 21, 3, 1, 25),
(614, 21, 3, 2, 30),
(615, 21, 3, 3, 10),
(616, 21, 3, 4, 16),
(617, 21, 3, 5, 2),
(618, 21, 3, 6, 6),
(619, 21, 4, 1, 1),
(620, 21, 4, 2, 19),
(621, 21, 4, 3, 24),
(622, 21, 4, 4, 20),
(623, 21, 4, 5, 3),
(624, 21, 4, 6, 10),
(625, 21, 5, 1, 4),
(626, 21, 5, 2, 17),
(627, 21, 5, 3, 8),
(628, 21, 5, 4, 25),
(629, 21, 5, 5, 26),
(630, 21, 5, 6, 11),
(631, 22, 1, 1, 31),
(632, 22, 1, 2, 17),
(633, 22, 1, 3, 14),
(634, 22, 1, 4, 8),
(635, 22, 1, 5, 25),
(636, 22, 1, 6, 4),
(637, 22, 2, 1, 15),
(638, 22, 2, 2, 14),
(639, 22, 2, 3, 7),
(640, 22, 2, 4, 12),
(641, 22, 2, 5, 1),
(642, 22, 2, 6, 31),
(643, 22, 3, 1, 19),
(644, 22, 3, 2, 10),
(645, 22, 3, 3, 12),
(646, 22, 3, 4, 32),
(647, 22, 3, 5, 18),
(648, 22, 3, 6, 20),
(649, 22, 4, 1, 31),
(650, 22, 4, 2, 28),
(651, 22, 4, 3, 10),
(652, 22, 4, 4, 22),
(653, 22, 4, 5, 31),
(654, 22, 4, 6, 26),
(655, 22, 5, 1, 9),
(656, 22, 5, 2, 6),
(657, 22, 5, 3, 11),
(658, 22, 5, 4, 31),
(659, 22, 5, 5, 33),
(660, 22, 5, 6, 6),
(661, 23, 1, 1, 29),
(662, 23, 1, 2, 16),
(663, 23, 1, 3, 8),
(664, 23, 1, 4, 22),
(665, 23, 1, 5, 12),
(666, 23, 1, 6, 10),
(667, 23, 2, 1, 33),
(668, 23, 2, 2, 14),
(669, 23, 2, 3, 5),
(670, 23, 2, 4, 2),
(671, 23, 2, 5, 25),
(672, 23, 2, 6, 28),
(673, 23, 3, 1, 12),
(674, 23, 3, 2, 20),
(675, 23, 3, 3, 19),
(676, 23, 3, 4, 3),
(677, 23, 3, 5, 22),
(678, 23, 3, 6, 8),
(679, 23, 4, 1, 11),
(680, 23, 4, 2, 32),
(681, 23, 4, 3, 7),
(682, 23, 4, 4, 18),
(683, 23, 4, 5, 31),
(684, 23, 4, 6, 15),
(685, 23, 5, 1, 27),
(686, 23, 5, 2, 30),
(687, 23, 5, 3, 28),
(688, 23, 5, 4, 10),
(689, 23, 5, 5, 1),
(690, 23, 5, 6, 18),
(691, 24, 1, 1, 22),
(692, 24, 1, 2, 30),
(693, 24, 1, 3, 17),
(694, 24, 1, 4, 1),
(695, 24, 1, 5, 25),
(696, 24, 1, 6, 11),
(697, 24, 2, 1, 29),
(698, 24, 2, 2, 17),
(699, 24, 2, 3, 12),
(700, 24, 2, 4, 25),
(701, 24, 2, 5, 16),
(702, 24, 2, 6, 5),
(703, 24, 3, 1, 27),
(704, 24, 3, 2, 10),
(705, 24, 3, 3, 32),
(706, 24, 3, 4, 26),
(707, 24, 3, 5, 4),
(708, 24, 3, 6, 21),
(709, 24, 4, 1, 14),
(710, 24, 4, 2, 25),
(711, 24, 4, 3, 12),
(712, 24, 4, 4, 29),
(713, 24, 4, 5, 22),
(714, 24, 4, 6, 27),
(715, 24, 5, 1, 18),
(716, 24, 5, 2, 18),
(717, 24, 5, 3, 20),
(718, 24, 5, 4, 11),
(719, 24, 5, 5, 27),
(720, 24, 5, 6, 33),
(721, 25, 1, 1, 20),
(722, 25, 1, 2, 18),
(723, 25, 1, 3, 7),
(724, 25, 1, 4, 20),
(725, 25, 1, 5, 13),
(726, 25, 1, 6, 3),
(727, 25, 2, 1, 3),
(728, 25, 2, 2, 10),
(729, 25, 2, 3, 14),
(730, 25, 2, 4, 3),
(731, 25, 2, 5, 19),
(732, 25, 2, 6, 11),
(733, 25, 3, 1, 14),
(734, 25, 3, 2, 27),
(735, 25, 3, 3, 12),
(736, 25, 3, 4, 25),
(737, 25, 3, 5, 12),
(738, 25, 3, 6, 3),
(739, 25, 4, 1, 13),
(740, 25, 4, 2, 14),
(741, 25, 4, 3, 12),
(742, 25, 4, 4, 27),
(743, 25, 4, 5, 11),
(744, 25, 4, 6, 7),
(745, 25, 5, 1, 5),
(746, 25, 5, 2, 1),
(747, 25, 5, 3, 29),
(748, 25, 5, 4, 25),
(749, 25, 5, 5, 21),
(750, 25, 5, 6, 8),
(751, 26, 1, 1, 22),
(752, 26, 1, 2, 10),
(753, 26, 1, 3, 29),
(754, 26, 1, 4, 10),
(755, 26, 1, 5, 9),
(756, 26, 1, 6, 32),
(757, 26, 2, 1, 27),
(758, 26, 2, 2, 8),
(759, 26, 2, 3, 26),
(760, 26, 2, 4, 27),
(761, 26, 2, 5, 14),
(762, 26, 2, 6, 5),
(763, 26, 3, 1, 25),
(764, 26, 3, 2, 13),
(765, 26, 3, 3, 21),
(766, 26, 3, 4, 30),
(767, 26, 3, 5, 1),
(768, 26, 3, 6, 32),
(769, 26, 4, 1, 24),
(770, 26, 4, 2, 15),
(771, 26, 4, 3, 13),
(772, 26, 4, 4, 12),
(773, 26, 4, 5, 29),
(774, 26, 4, 6, 18),
(775, 26, 5, 1, 3),
(776, 26, 5, 2, 32),
(777, 26, 5, 3, 3),
(778, 26, 5, 4, 12),
(779, 26, 5, 5, 9),
(780, 26, 5, 6, 22),
(781, 27, 1, 1, 24),
(782, 27, 1, 2, 30),
(783, 27, 1, 3, 31),
(784, 27, 1, 4, 30),
(785, 27, 1, 5, 3),
(786, 27, 1, 6, 27),
(787, 27, 2, 1, 26),
(788, 27, 2, 2, 32),
(789, 27, 2, 3, 20),
(790, 27, 2, 4, 10),
(791, 27, 2, 5, 2),
(792, 27, 2, 6, 11),
(793, 27, 3, 1, 8),
(794, 27, 3, 2, 32),
(795, 27, 3, 3, 3),
(796, 27, 3, 4, 32),
(797, 27, 3, 5, 23),
(798, 27, 3, 6, 9),
(799, 27, 4, 1, 16),
(800, 27, 4, 2, 31),
(801, 27, 4, 3, 4),
(802, 27, 4, 4, 19),
(803, 27, 4, 5, 19),
(804, 27, 4, 6, 22),
(805, 27, 5, 1, 3),
(806, 27, 5, 2, 23),
(807, 27, 5, 3, 26),
(808, 27, 5, 4, 24),
(809, 27, 5, 5, 5),
(810, 27, 5, 6, 21),
(811, 28, 1, 1, 26),
(812, 28, 1, 2, 13),
(813, 28, 1, 3, 32),
(814, 28, 1, 4, 27),
(815, 28, 1, 5, 21),
(816, 28, 1, 6, 8),
(817, 28, 2, 1, 5),
(818, 28, 2, 2, 5),
(819, 28, 2, 3, 19),
(820, 28, 2, 4, 24),
(821, 28, 2, 5, 27),
(822, 28, 2, 6, 11),
(823, 28, 3, 1, 27),
(824, 28, 3, 2, 27),
(825, 28, 3, 3, 27),
(826, 28, 3, 4, 12),
(827, 28, 3, 5, 16),
(828, 28, 3, 6, 20),
(829, 28, 4, 1, 33),
(830, 28, 4, 2, 3),
(831, 28, 4, 3, 14),
(832, 28, 4, 4, 5),
(833, 28, 4, 5, 26),
(834, 28, 4, 6, 30),
(835, 28, 5, 1, 27),
(836, 28, 5, 2, 19),
(837, 28, 5, 3, 10),
(838, 28, 5, 4, 25),
(839, 28, 5, 5, 14),
(840, 28, 5, 6, 22),
(841, 29, 1, 1, 10),
(842, 29, 1, 2, 19),
(843, 29, 1, 3, 11),
(844, 29, 1, 4, 18),
(845, 29, 1, 5, 18),
(846, 29, 1, 6, 15),
(847, 29, 2, 1, 3),
(848, 29, 2, 2, 16),
(849, 29, 2, 3, 25),
(850, 29, 2, 4, 22),
(851, 29, 2, 5, 32),
(852, 29, 2, 6, 6),
(853, 29, 3, 1, 15),
(854, 29, 3, 2, 14),
(855, 29, 3, 3, 13),
(856, 29, 3, 4, 4),
(857, 29, 3, 5, 32),
(858, 29, 3, 6, 28),
(859, 29, 4, 1, 15),
(860, 29, 4, 2, 28),
(861, 29, 4, 3, 14),
(862, 29, 4, 4, 7),
(863, 29, 4, 5, 8),
(864, 29, 4, 6, 10),
(865, 29, 5, 1, 28),
(866, 29, 5, 2, 12),
(867, 29, 5, 3, 31),
(868, 29, 5, 4, 32),
(869, 29, 5, 5, 2),
(870, 29, 5, 6, 19),
(871, 30, 1, 1, 2),
(872, 30, 1, 2, 2),
(873, 30, 1, 3, 5),
(874, 30, 1, 4, 4),
(875, 30, 1, 5, 27),
(876, 30, 1, 6, 19),
(877, 30, 2, 1, 13),
(878, 30, 2, 2, 23),
(879, 30, 2, 3, 7),
(880, 30, 2, 4, 2),
(881, 30, 2, 5, 8),
(882, 30, 2, 6, 16),
(883, 30, 3, 1, 33),
(884, 30, 3, 2, 19),
(885, 30, 3, 3, 8),
(886, 30, 3, 4, 28),
(887, 30, 3, 5, 3),
(888, 30, 3, 6, 24),
(889, 30, 4, 1, 33),
(890, 30, 4, 2, 9),
(891, 30, 4, 3, 17),
(892, 30, 4, 4, 30),
(893, 30, 4, 5, 23),
(894, 30, 4, 6, 13),
(895, 30, 5, 1, 29),
(896, 30, 5, 2, 18),
(897, 30, 5, 3, 15),
(898, 30, 5, 4, 8),
(899, 30, 5, 5, 4),
(900, 30, 5, 6, 11),
(901, 31, 1, 1, 22),
(902, 31, 1, 2, 30),
(903, 31, 1, 3, 20),
(904, 31, 1, 4, 18),
(905, 31, 1, 5, 1),
(906, 31, 1, 6, 4),
(907, 31, 2, 1, 9),
(908, 31, 2, 2, 5),
(909, 31, 2, 3, 25),
(910, 31, 2, 4, 15),
(911, 31, 2, 5, 24),
(912, 31, 2, 6, 15),
(913, 31, 3, 1, 3),
(914, 31, 3, 2, 9),
(915, 31, 3, 3, 6),
(916, 31, 3, 4, 10),
(917, 31, 3, 5, 3),
(918, 31, 3, 6, 5),
(919, 31, 4, 1, 30),
(920, 31, 4, 2, 15),
(921, 31, 4, 3, 32),
(922, 31, 4, 4, 19),
(923, 31, 4, 5, 1),
(924, 31, 4, 6, 29),
(925, 31, 5, 1, 12),
(926, 31, 5, 2, 33),
(927, 31, 5, 3, 33),
(928, 31, 5, 4, 25),
(929, 31, 5, 5, 33),
(930, 31, 5, 6, 10),
(931, 32, 1, 1, 15),
(932, 32, 1, 2, 11),
(933, 32, 1, 3, 6),
(934, 32, 1, 4, 10),
(935, 32, 1, 5, 30),
(936, 32, 1, 6, 3),
(937, 32, 2, 1, 32),
(938, 32, 2, 2, 24),
(939, 32, 2, 3, 5),
(940, 32, 2, 4, 5),
(941, 32, 2, 5, 17),
(942, 32, 2, 6, 23),
(943, 32, 3, 1, 12),
(944, 32, 3, 2, 22),
(945, 32, 3, 3, 29),
(946, 32, 3, 4, 27),
(947, 32, 3, 5, 22),
(948, 32, 3, 6, 33),
(949, 32, 4, 1, 33),
(950, 32, 4, 2, 7),
(951, 32, 4, 3, 13),
(952, 32, 4, 4, 26),
(953, 32, 4, 5, 21),
(954, 32, 4, 6, 8),
(955, 32, 5, 1, 21),
(956, 32, 5, 2, 26),
(957, 32, 5, 3, 26),
(958, 32, 5, 4, 12),
(959, 32, 5, 5, 16),
(960, 32, 5, 6, 19),
(961, 33, 1, 1, 11),
(962, 33, 1, 2, 30),
(963, 33, 1, 3, 24),
(964, 33, 1, 4, 1),
(965, 33, 1, 5, 11),
(966, 33, 1, 6, 19),
(967, 33, 2, 1, 1),
(968, 33, 2, 2, 12),
(969, 33, 2, 3, 12),
(970, 33, 2, 4, 21),
(971, 33, 2, 5, 10),
(972, 33, 2, 6, 23),
(973, 33, 3, 1, 29),
(974, 33, 3, 2, 15),
(975, 33, 3, 3, 22),
(976, 33, 3, 4, 27),
(977, 33, 3, 5, 13),
(978, 33, 3, 6, 8),
(979, 33, 4, 1, 3),
(980, 33, 4, 2, 11),
(981, 33, 4, 3, 1),
(982, 33, 4, 4, 6),
(983, 33, 4, 5, 1),
(984, 33, 4, 6, 26),
(985, 33, 5, 1, 20),
(986, 33, 5, 2, 5),
(987, 33, 5, 3, 14),
(988, 33, 5, 4, 24),
(989, 33, 5, 5, 12),
(990, 33, 5, 6, 11),
(991, 34, 1, 1, 27),
(992, 34, 1, 2, 5),
(993, 34, 1, 3, 26),
(994, 34, 1, 4, 25),
(995, 34, 1, 5, 19),
(996, 34, 1, 6, 21),
(997, 34, 2, 1, 33),
(998, 34, 2, 2, 23),
(999, 34, 2, 3, 4),
(1000, 34, 2, 4, 2),
(1001, 34, 2, 5, 33),
(1002, 34, 2, 6, 21),
(1003, 34, 3, 1, 12),
(1004, 34, 3, 2, 21),
(1005, 34, 3, 3, 23),
(1006, 34, 3, 4, 13),
(1007, 34, 3, 5, 14),
(1008, 34, 3, 6, 2),
(1009, 34, 4, 1, 8),
(1010, 34, 4, 2, 8),
(1011, 34, 4, 3, 28),
(1012, 34, 4, 4, 21),
(1013, 34, 4, 5, 8),
(1014, 34, 4, 6, 19),
(1015, 34, 5, 1, 1),
(1016, 34, 5, 2, 8),
(1017, 34, 5, 3, 16),
(1018, 34, 5, 4, 31),
(1019, 34, 5, 5, 7),
(1020, 34, 5, 6, 33),
(1021, 35, 1, 1, 33),
(1022, 35, 1, 2, 24),
(1023, 35, 1, 3, 7),
(1024, 35, 1, 4, 16),
(1025, 35, 1, 5, 31),
(1026, 35, 1, 6, 29),
(1027, 35, 2, 1, 11),
(1028, 35, 2, 2, 27),
(1029, 35, 2, 3, 22),
(1030, 35, 2, 4, 21),
(1031, 35, 2, 5, 20),
(1032, 35, 2, 6, 8),
(1033, 35, 3, 1, 11),
(1034, 35, 3, 2, 14),
(1035, 35, 3, 3, 9),
(1036, 35, 3, 4, 29),
(1037, 35, 3, 5, 2),
(1038, 35, 3, 6, 9),
(1039, 35, 4, 1, 27),
(1040, 35, 4, 2, 8),
(1041, 35, 4, 3, 26),
(1042, 35, 4, 4, 33),
(1043, 35, 4, 5, 8),
(1044, 35, 4, 6, 9),
(1045, 35, 5, 1, 5),
(1046, 35, 5, 2, 17),
(1047, 35, 5, 3, 10),
(1048, 35, 5, 4, 2),
(1049, 35, 5, 5, 6),
(1050, 35, 5, 6, 28),
(1051, 36, 1, 1, 29),
(1052, 36, 1, 2, 3),
(1053, 36, 1, 3, 7),
(1054, 36, 1, 4, 32),
(1055, 36, 1, 5, 14),
(1056, 36, 1, 6, 16),
(1057, 36, 2, 1, 10),
(1058, 36, 2, 2, 12),
(1059, 36, 2, 3, 17),
(1060, 36, 2, 4, 16),
(1061, 36, 2, 5, 20),
(1062, 36, 2, 6, 18),
(1063, 36, 3, 1, 3),
(1064, 36, 3, 2, 26),
(1065, 36, 3, 3, 28),
(1066, 36, 3, 4, 28),
(1067, 36, 3, 5, 4),
(1068, 36, 3, 6, 25),
(1069, 36, 4, 1, 15),
(1070, 36, 4, 2, 8),
(1071, 36, 4, 3, 14),
(1072, 36, 4, 4, 18),
(1073, 36, 4, 5, 15),
(1074, 36, 4, 6, 18),
(1075, 36, 5, 1, 11),
(1076, 36, 5, 2, 9),
(1077, 36, 5, 3, 33),
(1078, 36, 5, 4, 8),
(1079, 36, 5, 5, 10),
(1080, 36, 5, 6, 20),
(1081, 37, 1, 1, 23),
(1082, 37, 1, 2, 31),
(1083, 37, 1, 3, 31),
(1084, 37, 1, 4, 25),
(1085, 37, 1, 5, 9),
(1086, 37, 1, 6, 4),
(1087, 37, 2, 1, 27),
(1088, 37, 2, 2, 29),
(1089, 37, 2, 3, 18),
(1090, 37, 2, 4, 1),
(1091, 37, 2, 5, 23),
(1092, 37, 2, 6, 15),
(1093, 37, 3, 1, 21),
(1094, 37, 3, 2, 33),
(1095, 37, 3, 3, 20),
(1096, 37, 3, 4, 27),
(1097, 37, 3, 5, 17),
(1098, 37, 3, 6, 23),
(1099, 37, 4, 1, 24),
(1100, 37, 4, 2, 20),
(1101, 37, 4, 3, 12),
(1102, 37, 4, 4, 26),
(1103, 37, 4, 5, 30),
(1104, 37, 4, 6, 10),
(1105, 37, 5, 1, 12),
(1106, 37, 5, 2, 19),
(1107, 37, 5, 3, 23),
(1108, 37, 5, 4, 25),
(1109, 37, 5, 5, 18),
(1110, 37, 5, 6, 31),
(1111, 38, 1, 1, 24),
(1112, 38, 1, 2, 4),
(1113, 38, 1, 3, 20),
(1114, 38, 1, 4, 27),
(1115, 38, 1, 5, 15),
(1116, 38, 1, 6, 16),
(1117, 38, 2, 1, 25),
(1118, 38, 2, 2, 10),
(1119, 38, 2, 3, 20),
(1120, 38, 2, 4, 13),
(1121, 38, 2, 5, 16),
(1122, 38, 2, 6, 3),
(1123, 38, 3, 1, 10),
(1124, 38, 3, 2, 9),
(1125, 38, 3, 3, 2),
(1126, 38, 3, 4, 9),
(1127, 38, 3, 5, 28),
(1128, 38, 3, 6, 12),
(1129, 38, 4, 1, 5),
(1130, 38, 4, 2, 19),
(1131, 38, 4, 3, 16),
(1132, 38, 4, 4, 32),
(1133, 38, 4, 5, 21),
(1134, 38, 4, 6, 9),
(1135, 38, 5, 1, 13),
(1136, 38, 5, 2, 25),
(1137, 38, 5, 3, 31),
(1138, 38, 5, 4, 30),
(1139, 38, 5, 5, 5),
(1140, 38, 5, 6, 5),
(1141, 39, 1, 1, 7),
(1142, 39, 1, 2, 10),
(1143, 39, 1, 3, 18),
(1144, 39, 1, 4, 16),
(1145, 39, 1, 5, 22),
(1146, 39, 1, 6, 26),
(1147, 39, 2, 1, 23),
(1148, 39, 2, 2, 3),
(1149, 39, 2, 3, 13),
(1150, 39, 2, 4, 19),
(1151, 39, 2, 5, 16),
(1152, 39, 2, 6, 25),
(1153, 39, 3, 1, 29),
(1154, 39, 3, 2, 13),
(1155, 39, 3, 3, 18),
(1156, 39, 3, 4, 10),
(1157, 39, 3, 5, 10),
(1158, 39, 3, 6, 4),
(1159, 39, 4, 1, 11),
(1160, 39, 4, 2, 3),
(1161, 39, 4, 3, 4),
(1162, 39, 4, 4, 31),
(1163, 39, 4, 5, 31),
(1164, 39, 4, 6, 29),
(1165, 39, 5, 1, 24),
(1166, 39, 5, 2, 16),
(1167, 39, 5, 3, 14),
(1168, 39, 5, 4, 13),
(1169, 39, 5, 5, 9),
(1170, 39, 5, 6, 4);

-- --------------------------------------------------------

--
-- Структура таблицы `zamena`
--

CREATE TABLE `zamena` (
  `id` int NOT NULL,
  `id_rasp` int NOT NULL,
  `id_pars` int NOT NULL
) ENGINE=InnoDB DEFAULT CHARSET=utf8;

--
-- Дамп данных таблицы `zamena`
--

INSERT INTO `zamena` (`id`, `id_rasp`, `id_pars`) VALUES
(1697, 3, 2),
(1698, 5, 22),
(1699, 8, 23),
(1700, 10, 9),
(1701, 16, 4),
(1702, 17, 21),
(1703, 19, 6),
(1704, 24, 7),
(1705, 27, 33),
(1706, 30, 29),
(1707, 32, 32),
(1708, 35, 19),
(1709, 37, 4),
(1710, 39, 20),
(1711, 41, 4),
(1712, 44, 31),
(1713, 50, 3),
(1714, 52, 14),
(1715, 67, 33),
(1716, 71, 22),
(1717, 73, 27),
(1718, 74, 8),
(1719, 75, 10),
(1720, 79, 10),
(1721, 105, 26),
(1722, 106, 32),
(1723, 110, 15),
(1724, 111, 26),
(1725, 113, 33),
(1726, 117, 29),
(1727, 118, 27),
(1728, 126, 13),
(1729, 130, 28),
(1730, 132, 24),
(1731, 134, 27),
(1732, 136, 2),
(1733, 143, 21),
(1734, 163, 25),
(1735, 164, 20),
(1736, 165, 1),
(1737, 170, 5),
(1738, 176, 18),
(1739, 179, 2),
(1740, 181, 4),
(1741, 185, 4),
(1742, 197, 17),
(1743, 199, 9),
(1744, 200, 14),
(1745, 207, 14),
(1746, 208, 33),
(1747, 211, 29),
(1748, 213, 11),
(1749, 214, 21),
(1750, 215, 22),
(1751, 217, 5),
(1752, 219, 21),
(1753, 225, 23),
(1754, 230, 31),
(1755, 231, 31),
(1756, 233, 4),
(1757, 234, 14),
(1758, 235, 26),
(1759, 239, 28),
(1760, 245, 24),
(1761, 246, 14),
(1762, 253, 10),
(1763, 255, 20),
(1764, 259, 14),
(1765, 260, 21),
(1766, 264, 23),
(1767, 265, 32),
(1768, 276, 7),
(1769, 278, 11),
(1770, 284, 5),
(1771, 286, 14),
(1772, 287, 16),
(1773, 290, 28),
(1774, 294, 3),
(1775, 299, 21),
(1776, 304, 3),
(1777, 313, 15),
(1778, 315, 14),
(1779, 316, 5),
(1780, 317, 16),
(1781, 318, 30),
(1782, 323, 12),
(1783, 324, 12),
(1784, 325, 32),
(1785, 328, 17),
(1786, 337, 18),
(1787, 342, 27),
(1788, 347, 23),
(1789, 348, 31),
(1790, 349, 11),
(1791, 354, 5),
(1792, 358, 11),
(1793, 359, 12),
(1794, 364, 32),
(1795, 365, 32),
(1796, 366, 20),
(1797, 369, 1),
(1798, 371, 27),
(1799, 372, 18),
(1800, 374, 18),
(1801, 375, 33),
(1802, 379, 30),
(1803, 382, 27),
(1804, 385, 4),
(1805, 387, 31),
(1806, 388, 6),
(1807, 389, 26),
(1808, 392, 3),
(1809, 398, 25),
(1810, 409, 11),
(1811, 416, 12),
(1812, 420, 4),
(1813, 424, 5),
(1814, 439, 25),
(1815, 447, 10),
(1816, 451, 19),
(1817, 453, 18),
(1818, 457, 1),
(1819, 458, 15),
(1820, 460, 8),
(1821, 466, 19),
(1822, 467, 12),
(1823, 469, 5),
(1824, 474, 23),
(1825, 477, 30),
(1826, 479, 6),
(1827, 485, 12),
(1828, 495, 31),
(1829, 496, 22),
(1830, 499, 3),
(1831, 500, 24),
(1832, 505, 24),
(1833, 507, 17),
(1834, 516, 10),
(1835, 521, 11),
(1836, 526, 7),
(1837, 529, 28),
(1838, 535, 16),
(1839, 537, 25),
(1840, 538, 24),
(1841, 546, 13),
(1842, 548, 4),
(1843, 550, 10),
(1844, 553, 27),
(1845, 561, 13),
(1846, 564, 28),
(1847, 567, 13),
(1848, 575, 2),
(1849, 576, 7),
(1850, 579, 1),
(1851, 582, 7),
(1852, 584, 20),
(1853, 598, 28),
(1854, 599, 27),
(1855, 602, 31),
(1856, 606, 20),
(1857, 610, 25),
(1858, 613, 30),
(1859, 614, 28),
(1860, 615, 25),
(1861, 619, 24),
(1862, 622, 18),
(1863, 624, 1),
(1864, 627, 23),
(1865, 630, 2),
(1866, 633, 7),
(1867, 636, 14),
(1868, 638, 18),
(1869, 640, 3),
(1870, 642, 33),
(1871, 643, 30),
(1872, 644, 9),
(1873, 647, 18),
(1874, 650, 2),
(1875, 653, 17),
(1876, 657, 16),
(1877, 669, 5),
(1878, 670, 26),
(1879, 679, 4),
(1880, 686, 29),
(1881, 695, 30),
(1882, 696, 18),
(1883, 697, 24),
(1884, 706, 23),
(1885, 707, 10),
(1886, 708, 29),
(1887, 711, 10),
(1888, 712, 10),
(1889, 714, 24),
(1890, 717, 9),
(1891, 724, 11),
(1892, 733, 15),
(1893, 739, 9),
(1894, 740, 6),
(1895, 741, 7),
(1896, 744, 18),
(1897, 747, 28),
(1898, 749, 5),
(1899, 753, 13),
(1900, 757, 25),
(1901, 760, 11),
(1902, 766, 13),
(1903, 773, 10),
(1904, 774, 32),
(1905, 776, 3),
(1906, 787, 24),
(1907, 790, 7),
(1908, 792, 26),
(1909, 793, 13),
(1910, 795, 19),
(1911, 810, 5),
(1912, 813, 4),
(1913, 816, 10),
(1914, 819, 10),
(1915, 821, 6),
(1916, 825, 21),
(1917, 826, 14),
(1918, 829, 4),
(1919, 831, 12),
(1920, 832, 2),
(1921, 840, 17),
(1922, 843, 24),
(1923, 850, 25),
(1924, 851, 24),
(1925, 852, 6),
(1926, 854, 6),
(1927, 858, 24),
(1928, 860, 21),
(1929, 863, 23),
(1930, 866, 26),
(1931, 867, 33),
(1932, 868, 13),
(1933, 876, 19),
(1934, 881, 9),
(1935, 882, 17),
(1936, 887, 7),
(1937, 889, 30),
(1938, 894, 8),
(1939, 899, 19),
(1940, 901, 10),
(1941, 904, 13),
(1942, 906, 15),
(1943, 908, 24),
(1944, 911, 15),
(1945, 918, 1),
(1946, 921, 1),
(1947, 925, 9),
(1948, 927, 26),
(1949, 928, 6),
(1950, 938, 4),
(1951, 942, 17),
(1952, 952, 25),
(1953, 954, 19),
(1954, 956, 11),
(1955, 957, 31),
(1956, 961, 13),
(1957, 962, 25),
(1958, 966, 4),
(1959, 968, 1),
(1960, 974, 28),
(1961, 977, 7),
(1962, 993, 2),
(1963, 1011, 31),
(1964, 1018, 27),
(1965, 1022, 28),
(1966, 1028, 18),
(1967, 1032, 15),
(1968, 1039, 1),
(1969, 1041, 2),
(1970, 1044, 14),
(1971, 1046, 1),
(1972, 1048, 2),
(1973, 1049, 12),
(1974, 1056, 29),
(1975, 1060, 16),
(1976, 1061, 3),
(1977, 1062, 7),
(1978, 1068, 33),
(1979, 1073, 22),
(1980, 1074, 5),
(1981, 1078, 22),
(1982, 1081, 20),
(1983, 1083, 32),
(1984, 1088, 16),
(1985, 1095, 10),
(1986, 1096, 31),
(1987, 1103, 31),
(1988, 1107, 6),
(1989, 1109, 28),
(1990, 1114, 26),
(1991, 1121, 25),
(1992, 1123, 13),
(1993, 1128, 18),
(1994, 1130, 14),
(1995, 1135, 20),
(1996, 1136, 16),
(1997, 1139, 20),
(1998, 1146, 30),
(1999, 1148, 33),
(2000, 1149, 23),
(2001, 1152, 32),
(2002, 1154, 4),
(2003, 1156, 9),
(2004, 1157, 25),
(2005, 1160, 10),
(2006, 1163, 6),
(2007, 1166, 11),
(2008, 1167, 28);

--
-- Индексы сохранённых таблиц
--

--
-- Индексы таблицы `cons`
--
ALTER TABLE `cons`
  ADD PRIMARY KEY (`id`),
  ADD KEY `id_prepod` (`id_prepod`);

--
-- Индексы таблицы `groups`
--
ALTER TABLE `groups`
  ADD PRIMARY KEY (`id`);

--
-- Индексы таблицы `otdelenie`
--
ALTER TABLE `otdelenie`
  ADD PRIMARY KEY (`id`);

--
-- Индексы таблицы `otdelgroups`
--
ALTER TABLE `otdelgroups`
  ADD PRIMARY KEY (`id`),
  ADD KEY `id_groups` (`id_groups`),
  ADD KEY `id_otdel` (`id_otdel`);

--
-- Индексы таблицы `pars`
--
ALTER TABLE `pars`
  ADD PRIMARY KEY (`id`);

--
-- Индексы таблицы `prepod`
--
ALTER TABLE `prepod`
  ADD PRIMARY KEY (`id`);

--
-- Индексы таблицы `prepodpars`
--
ALTER TABLE `prepodpars`
  ADD PRIMARY KEY (`id`),
  ADD KEY `id_prepod` (`id_prepod`),
  ADD KEY `id_pars` (`id_pars`);

--
-- Индексы таблицы `rasp`
--
ALTER TABLE `rasp`
  ADD PRIMARY KEY (`id`),
  ADD KEY `id_groups` (`id_groups`),
  ADD KEY `pn` (`id_pars`);

--
-- Индексы таблицы `zamena`
--
ALTER TABLE `zamena`
  ADD PRIMARY KEY (`id`),
  ADD KEY `id_pars` (`id_pars`),
  ADD KEY `id_rasp` (`id_rasp`) USING BTREE;

--
-- AUTO_INCREMENT для сохранённых таблиц
--

--
-- AUTO_INCREMENT для таблицы `cons`
--
ALTER TABLE `cons`
  MODIFY `id` int NOT NULL AUTO_INCREMENT, AUTO_INCREMENT=1594;

--
-- AUTO_INCREMENT для таблицы `groups`
--
ALTER TABLE `groups`
  MODIFY `id` int NOT NULL AUTO_INCREMENT, AUTO_INCREMENT=40;

--
-- AUTO_INCREMENT для таблицы `otdelenie`
--
ALTER TABLE `otdelenie`
  MODIFY `id` int NOT NULL AUTO_INCREMENT;

--
-- AUTO_INCREMENT для таблицы `otdelgroups`
--
ALTER TABLE `otdelgroups`
  MODIFY `id` int NOT NULL AUTO_INCREMENT;

--
-- AUTO_INCREMENT для таблицы `pars`
--
ALTER TABLE `pars`
  MODIFY `id` int NOT NULL AUTO_INCREMENT, AUTO_INCREMENT=34;

--
-- AUTO_INCREMENT для таблицы `prepod`
--
ALTER TABLE `prepod`
  MODIFY `id` int NOT NULL AUTO_INCREMENT, AUTO_INCREMENT=608;

--
-- AUTO_INCREMENT для таблицы `prepodpars`
--
ALTER TABLE `prepodpars`
  MODIFY `id` int NOT NULL AUTO_INCREMENT, AUTO_INCREMENT=1923;

--
-- AUTO_INCREMENT для таблицы `rasp`
--
ALTER TABLE `rasp`
  MODIFY `id` int NOT NULL AUTO_INCREMENT, AUTO_INCREMENT=1171;

--
-- AUTO_INCREMENT для таблицы `zamena`
--
ALTER TABLE `zamena`
  MODIFY `id` int NOT NULL AUTO_INCREMENT, AUTO_INCREMENT=2009;

--
-- Ограничения внешнего ключа сохраненных таблиц
--

--
-- Ограничения внешнего ключа таблицы `cons`
--
ALTER TABLE `cons`
  ADD CONSTRAINT `cons_ibfk_1` FOREIGN KEY (`id_prepod`) REFERENCES `prepod` (`id`);

--
-- Ограничения внешнего ключа таблицы `otdelgroups`
--
ALTER TABLE `otdelgroups`
  ADD CONSTRAINT `otdelgroups_ibfk_1` FOREIGN KEY (`id_groups`) REFERENCES `groups` (`id`),
  ADD CONSTRAINT `otdelgroups_ibfk_2` FOREIGN KEY (`id_otdel`) REFERENCES `otdelenie` (`id`);

--
-- Ограничения внешнего ключа таблицы `prepodpars`
--
ALTER TABLE `prepodpars`
  ADD CONSTRAINT `prepodpars_ibfk_1` FOREIGN KEY (`id_prepod`) REFERENCES `prepod` (`id`) ON DELETE CASCADE ON UPDATE CASCADE,
  ADD CONSTRAINT `prepodpars_ibfk_2` FOREIGN KEY (`id_pars`) REFERENCES `pars` (`id`) ON DELETE CASCADE ON UPDATE CASCADE;

--
-- Ограничения внешнего ключа таблицы `rasp`
--
ALTER TABLE `rasp`
  ADD CONSTRAINT `rasp_ibfk_2` FOREIGN KEY (`id_groups`) REFERENCES `groups` (`id`),
  ADD CONSTRAINT `rasp_ibfk_3` FOREIGN KEY (`id_pars`) REFERENCES `pars` (`id`);

--
-- Ограничения внешнего ключа таблицы `zamena`
--
ALTER TABLE `zamena`
  ADD CONSTRAINT `zamena_ibfk_1` FOREIGN KEY (`id_pars`) REFERENCES `pars` (`id`) ON DELETE CASCADE ON UPDATE CASCADE,
  ADD CONSTRAINT `zamena_ibfk_2` FOREIGN KEY (`id_rasp`) REFERENCES `rasp` (`id`) ON DELETE CASCADE ON UPDATE CASCADE;
COMMIT;

/*!40101 SET CHARACTER_SET_CLIENT=@OLD_CHARACTER_SET_CLIENT */;
/*!40101 SET CHARACTER_SET_RESULTS=@OLD_CHARACTER_SET_RESULTS */;
/*!40101 SET COLLATION_CONNECTION=@OLD_COLLATION_CONNECTION */;
